content,score,content_clean
lumayan TPI kadang erorr sampah,5,lumayan tpi kadang erorr sampah
sangat buruk pelayananya baru beberapa hari aplikasi gk bisa di buka,1,sangat buruk pelayananya baru beberapa hari gk buka
luar biasa berguna,5,luar biasa
bagus,5,bagus
sangat baik,5,sangat baik
kebanyakan eror,1,banyak eror
Sangat bagus buat nabung,5,sangat bagus buat nabung
cukup baik,4,cukup baik
sangat membantu sekali terimaka sih...,5,sangat bantu sekali terimaka sih
membantu,5,bantu
susah di buka dana skrng masa dowlohd trs abis kouta saya,5,susah buka skrng masa dowlohd trs abis kouta
baik,5,baik
bagus,5,bagus
jos,5,jos
tolol apklikasi udh d munculin ccln masa iya blm dpt dan cicilan bertahap MENGECEWAKAN OFF PAKAI DANA SKRNG ....DAH KBNYKN POTONG ...BERTAHUNX PAKAI MENGECEWAKAN CUIHHHH GANTI YG LAIN JUGA BNYK .....G RUGI JUGA G PAKAI DANA ORANG DAH BNYK GOPAY SHOPEE PAY JUGA ADA UDH PAYLATER LG ....,1,tolol apklikasi udh d munculin ccln masa iya blm dpt cicil tahap kecewa off pakai skrng dah kbnykn potong bertahunx pakai kecewa cuihhhh ganti yg bnyk g rugi g pakai orang dah bnyk gopay shopee pay udh paylater lg
sangat bagus,5,sangat bagus
good,5,good
aku coba dulu,1,aku coba dulu
puas banget,5,puas banget
aplikasinya sering errol gk jelas.waktu buka sering gk bisa buka . dana sekarang semakin jelek.,1,sering errol gk jelaswaktu buka sering gk buka sekarang makin jelek
aplikasi nya bagus dan aman,5,bagus aman
bagus transaksi cepat,5,bagus transaksi cepat
Bagus,5,bagus
aplikasi parah,1,parah
mantappp,5,mantappp
Baru coba tak kasih 5 bintang ğŸ”¯,5,baru coba tak kasih bintang
"aplikasi bagus, biaya transfer murah, dan ada gratis nya 10x setiap bulan nya",5,bagus biaya transfer murah gratis x bulan
luar biasa,5,luar biasa
lumayan bagus dan sangat memuaskan,5,lumayan bagus sangat muas
cukup bagus /cepat,5,cukup bagus cepat
blank,1,blank
"kenapa ya kak dana saya ko tidak bisa buat ngirim bri ke dana, kendala nya apa",5,kak ko buat ngirim bri kendala apa
"kok dananya ga bisa di buka ya, tolong respon",5,kok ga buka respon
susah di buka harus di hapus dulu kenaph ya,5,susah buka hapus dulu kenaph
good,5,good
"Good, Very Thank's You Dear ğŸ‘ŒğŸ‘",5,good very thanks you dear
mantap,5,mantap
"kenapa sesi kadaluarsa kalo mau tf di ewallet, kacau",2,sesi kadaluarsa kalo mau tf ewallet kacau
bagus banget,5,bagus banget
baik sekali,5,baik sekali
bagus,5,bagus
apk ap ini ga bisa d buka terus cape instal terus,1,ap ga d buka terus cape instal terus
dana sangat membantu di saat aku mles kluar...,5,sangat bantu aku mles kluar
ok bagus,3,bagus
mantap,5,mantap
sangat bagus pokonyağŸ‘ğŸ˜,5,sangat bagus poko
mantap,5,mantap
mantap,5,mantap
cepat dan tepat,5,cepat tepat
aku ora bisa nomere,5,aku ora nomere
"kenapa sering gk bisa di bukak, di hapos dulu donload lag baru bisa.",2,sering gk bukak hapos dulu donload lag baru
cukup baik,5,cukup baik
bank nya sih bagus aja tapi harusnya ada masukan email nya,3,bank sih bagus aja masuk email
ini knapa ya dana nya susah di buka padahal sinyal lancar saya susah mau beli ini itu lewat dana kalo dana nya nge bug terus mohon di perbaiki ya,1,knapa susah buka padahal sinyal lancar susah mau beli lewat kalo nge bug terus mohon baik
layanan nya masih tetap bagus terimakasih,5,layan tetap bagus terimakasih
"Akun saya gk bisa d buka baru instal 1 hr bisa,besoknya gk bisa capek begini terus",3,akun gk d buka baru instal hr bisabesoknya gk capek begini terus
sangat membantu,4,sangat bantu
fitur dana cicil fungsi nya apa KLO ga bisa di gunain walau limit ada ga bisa bayar apapun... di hapus aj.. ga guna,2,fitur cicil fungsi apa klo ga gunain limit ga bayar apa hapus aj ga
mantap bener...,5,mantap bener
isthebest layanan yg sangat simpel dan mudah diakses,5,isthebest layan yg sangat simpel mudah akses
apk dana tidak bisa di buka padahal jaringan enak... nanti ujung2nya saldo hangus.. tolong di perbaikin,1,buka padahal jaring enak ujung saldo hangus perbaikin
dana knp ya saya akhirÂ² ini sering stack di logo dana jdi hrus hapus trus donlod ulg mohon perbaiki ya,5,knp akhir sering stack logo jdi hrus hapus trus donlod ulg mohon baik
lumayan membantu,3,lumayan bantu
dana kok gk bisa masuk udah verivikasi muka kok gk masuk masuk,1,kok gk masuk udah verivikasi muka kok gk masuk masuk
the Best of the best pokonya,5,the best of the best poko
sangat puas,5,sangat puas
kenapa saya tidak masuk ke akun dana saya ???? udah 15 hari muterÂ² saja GK bisa login. ..!!,1,masuk akun udah hari muter gk login
bagus,5,bagus
tidak bisa update dan tidak bisa log in,1,update log in
aplikasi nya keluarkeluar sendiri,1,keluarkeluar sendiri
sangat mudah dan efisien,5,sangat mudah efisien
bagus banget,5,bagus banget
Saya Suka Menggunakan Dana Dana Ini Cepat MengirimUang Dan Simpel,5,suka cepat mengirimuang simpel
bagus,5,bagus
sayangnya sekarang kok susah untuk membuka,5,sayang sekarang kok susah buka
semoga e emas naik terus,5,moga e emas naik terus
tolong dana cicil,5,cicil
ramah dan sangat membantu,5,ramah sangat bantu
mudah dan cepat ğŸ˜ŠğŸ˜ŠğŸ˜Š,5,mudah cepat
bnyk bug nya buka fitur stag di situ situ aja boloin lh katanya apk dompet digital terbaik tapi kesalah atau bug gini ga di betulin,2,bnyk bug buka fitur stag situ situ aja boloin lh kata dompet digital baik salah bug gin ga betulin
bagus,5,bagus
blum pernah nyicil tiba tiba banyak cicilan. dana gak jelas sekarang .banyak pungli haram,1,blum pernah nyicil tiba tiba banyak cicil gak jelas sekarang banyak pungli haram
top,5,top
sangat puas,1,sangat puas
bikin pusing byk ngebleng gak bs di buka payah,1,bikin pusing byk ngebleng gak bs buka payah
kepada pihak dana yang terhormat aktifkan kembali akun dana saya yang di bekukan karena sangat penting bagi saya,5,pihak hormat aktif akun beku sangat penting
"fitur emas dana nya gabisa dibuka, saya gabisa nabung atau ambil uang disana, udah lebih dari seminggu kayak gitu",2,fitur emas gabisa buka gabisa nabung ambil uang sana udah lebih minggu kayak gitu
kenapa kalo mau kirim lewat e-wallet sering gangguan gajelas,4,kalo mau kirim lewat ewallet sering ganggu gajelas
cukup puas dengan pelayanan dari fitur yg ada di dana,3,cukup puas layan fitur yg
aplikasi totol keluar mulu,1,totol keluar mulu
bagus mudah dan cepat,5,bagus mudah cepat
membantu ğŸ‘,5,bantu
ok,5,
sangat membantu,5,sangat bantu
sangat membantu,5,sangat bantu
mantap,5,mantap
aplikasi sampah g bisa d buka cuman muncul logo doang trus langsung keluar lagi..,1,sampah g d buka cuman muncul logo doang trus langsung keluar
"Saya sangat kecewa kepada Dana semua sudah di lakukan tapi saldo nya tidak ada.  Uang raib/hilang di rekening DANA. Lapor admin jawabannya ngambang, sepertinya aplikasi ini tidak aman lagi.""  Kecewa berat bukti transfer ada tapi saldo hilang begitu aja, lapor cs menunggu berhari-hari. Padahal uang ny mau di gunakan untuk bayar utang",1,sangat kecewa semua laku saldo uang raibhilang rekening lapor admin jawab ngambang aman kecewa berat bukti transfer saldo hilang aja lapor cs tunggu berharihari padahal uang ny mau bayar utang
puas,5,puas
Cukup baik .,4,cukup baik
mantap,5,mantap
mantap,5,mantap
ok,5,
baik,4,baik
kenapa ga bisa login???? sdh seminggu ini mau login ke dana ga bisa. dikirimin email dari tgl 22 januari jg ga ada respon!! Admin DANA sama sekali ga profesional!!!,1,ga login sdh minggu mau login ga dikirimin email tgl januari jg ga respon admin sama sekali ga profesional
kenapa dana saya tida ada cicill,5,tida cicill
"parah ini dana gabisa chat minta bantuan di apk nya, udah bahaya tiap jam 4 subuh selalu ada notip lanjutkan pembayaran dari google nominal 876.900 apa coba, kaya nya klo ada saldo 1jt ke sedot sendiri tuh saldo, gabisa di batalin, padahal bukan transaksi saya, tiba tiba notip nya ga bisa di apa apain gajelas, tiap hari notip nya selalu ada, pas di klik otomatis suruh isi saldo melalui bank lain",1,parah gabisa chat minta bantu udah bahaya tiap jam subuh selalu notip lanjut bayar google nominal apa coba kaya klo saldo jt sedot sendiri tuh saldo gabisa batalin padahal bukan transaksi tiba tiba notip ga apa apain gajelas tiap hari notip selalu pas klik otomatis suruh isi saldo lalu bank
selalu ada solusi bagi keluarga,5,selalu solusi keluarga
"hai kak, kenapa aplikasi dana setelah pembaharuan malah semakin lemot. sampah aplikasi setiap hari tak bersihkan masih tetep gk bisa di buka, harus hapus instal ulang dulu baru bisa dibuka, dan ini sudah 3 kali dalam minggu ini. hari ini gk bisa di buka lagi. tolonglah kasih saran yg benar membantu.",5,hai kak baharu malah makin lot sampah hari tak sih tetep gk buka hapus instal ulang dulu baru buka kali minggu hari gk buka kasih saran yg benar bantu
"Sejak pakai DANA, transaksi jadi jauh lebih mudah. Prosesnya cepat, aman, dan benar-benar nggak ribet. Cocok buat kebutuhan sehari-hari",5,sejak pakai transaksi jadi jauh lebih mudah proses cepat aman benarbenar ribet cocok buat butuh seharihari
good,5,good
knp ya aplikasinya susah terbuka,2,knp susah buka
baik,5,baik
mantap.. tp sayang sy ga ada dana cicil,5,mantap tp sayang sy ga cicil
kenapa sih sering banget tranfer gak bisa??,2,sih sering banget tranfer gak
aplikasi ini sangat membantu kebutuhan,5,sangat bantu butuh
bravoğŸ‘ğŸ‘,5,bravo
alasan saya memberikan bintang 2 karena ketika saya ingin top up geme dan menuju ke websitenya saya menunggu dengan lama tapi websitenya tidak mau terbuka padahal jaringan bagus,5,alas beri bintang top up geme tuju websitenya tunggu lama websitenya mau buka padahal jaring bagus
"apk ini cukup membantu tp akhir2 ini dana sering kali tidak bisa di buka setelah kurang lebih 5jam tidak di gunakan,dan saya harus instal ulang baru bisa di buka,itu sngat mengganggu dn kurang nyaman.",3,cukup bantu tp akhir sering kali buka kurang lebih jam gunakandan instal ulang baru bukaitu sngat ganggu dn kurang nyaman
"akun pernak kebobolan, mohon lebih di tingkatan lagi, keamanan Terimakasih.",4,akun pernak bobol mohon lebih tingkat aman terimakasih
transaksi mudah,4,transaksi mudah
"bagus,sangat membantu...",3,bagussangat bantu
"Gilak ya..... uang bisa hilang di dana padahal tidak ada nyangkutin akun di surfcipher tapi dana tiba-tiba hilang 120 rb. Dan pihak dana nya sama sekali tidak membantu, padahal sudah minta refund tapi tidak ada tanggapan, sudah 3 kali say begini di dana, katanya sudah memutuskan penyambungan akun dana dengan tu aplikasi awal nya jadi masih saya pakai Dana, awal nya yang di tarik uang uang kecil lama""makin besar kata nya sudah di putus kenapa masih bisa di tarik pihak surfcipher ny?",1,gilak uang hilang padahal nyangkutin akun surfcipher tibatiba hilang rb pihak sama sekali bantu padahal minta refund tanggap kali say begini kata putus sambung akun tu awal jadi pakai awal tarik uang uang kecil lamamakin besar kata putus tarik pihak surfcipher ny
ok,5,
bagus membantu kita mengelola keuangan,5,bagus bantu kelola uang
bagus,5,bagus
sangan bagusss,5,sangan bagusss
mantap,4,mantap
mantab,5,mantab
gak bisa buat top up muter-muter trs,3,gak buat top up mutermuter trs
cepat,5,cepat
bagus cuman kenapa terakhir2 sering force close aplikasinya tolong diperbaiki biar tidak menganggu kenyamanan pemakai,5,bagus cuman akhir sering force close baik biar menganggu nyaman pakai
sangat bagus,5,sangat bagus
kenapa ga bisa kirim ke e walet min?,3,ga kirim e walet min
aplikasi pencuri dana 100.000 laporan sukses tapi tidak masuk.. cs lambat berhari-hari tidak ada kejelasan kecewa ğŸ˜œğŸ¤ªğŸ˜‹,1,curi lapor sukses masuk cs lambat berharihari jelas kecewa
mantul,5,mantul
gokil,5,gokil
mantap,5,mantap
"saya kecewa sama dana. masa dana cicil tidak bisa di gunakan tulisannya tidak tersedia padahal buat beli pulsa dan coba di warung juga sama aja tidak bisa di gunakan.. chat Diana malah GK jelas disuruh ke pusat bantuan gliran udah di pusat bantuan malah di puter"" jawabannya .. tolong perbaiki lagi systemnya klo udh normal dana cicilnya saya tambahin bintangnya..terima kasih",1,kecewa sama masa cicil tulis sedia padahal buat beli pulsa coba warung sama aja chat ana malah gk jelas suruh pusat bantu gliran udah pusat bantu malah puter jawab baik systemnya klo udh normal cicil tambahin bintangnyaterima kasih
Baru saja saya isi DANA Rp 20.000.Keterangan masuk.tapi Saya Cek di DANA Rp 0 alias Zonk.â—Mana tanggung jawabmuâ“,1,baru isi rp terang masuktapi cek rp alias zonk mana tanggung jawab
sangat sangat membatu ğŸ‘,5,sangat sangat batu
mantap dana,5,mantap
tingkat kan lagi kecepatan . jangan berat berat di ram.,5,tingkat kan cepat jangan berat berat ram
sangat baik,5,sangat baik
"Praktis dan bisa terima atau kirim uang kapan saja, dimana saja, bahkan bs di pakai di Luar NegeriğŸ‘",5,praktis terima kirim uang kapan bahkan bs pakai luar negeri
setiap hari kalo buka aplikasi dana ga bisa terus hrs di update melulu jadi takut nyimpan uang di aplikasi ini,1,hari kalo buka ga terus hrs update melulu jadi takut nyimpan uang
"tolong perbaiki donk apk dana nya, kok ngk bisa di buka terimakasih",2,baik donk kok ngk buka terimakasih
baik,5,baik
sangat membantu,5,sangat bantu
udah masukin pin udah scan wajah.. kenapa masih suruh pake otp,1,udah masukin pin udah scan wajah suruh pake otp
"berguna banget,, makasih",5,banget makasih
mw login ny susah,3,mw login ny susah
"sangat ribet, padal udah verifikasi wajah, pin juga udah bener, masih di mintain kode otp, padal nomor nya udah hilang, terus gimana dong solusinya? masa diiklasin aja uangnya hilang? tolong diperbaiki",1,sangat ribet padal udah verifikasi wajah pin udah bener mintain kode otp padal nomor udah hilang terus gimana dong solusi masa diiklasin aja uang hilang baik
sangat suka,5,sangat suka
ok,5,
tolong dong aktifkan dana instan apa dana cicil,5,dong aktif instan apa cicil
dana keren c... admin termurah,5,keren c admin murah
ini kenpa dari kemaren mau login g bisa2,4,kenpa kemaren mau login g
sangat bagus,5,sangat bagus
baguss,4,baguss
ok,5,
"ini gimna dari pihak DANA saya mau Transfer uang ke E-wallet GOPAY Malah sesi sudah kadaluarsa terus gga bisa Transfer malah nunggu 3 Hari apa apaan ini Orang tua saya lagi butuh Uang Emergency banget malah ke begini hadeuhh lebih Baik SAYA OUT Saja lah Di APK DANA, percuma males bikin Kesal",1,gimna pihak mau transfer uang ewallet gopay malah sesi kadaluarsa terus gga transfer malah nunggu hari apa apa orang tua butuh uang emergency banget malah begini hadeuhh lebih baik out lah percuma males bikin kesal
saya kasih segitu dulu ya..,4,kasih segitu dulu
Mantap,5,mantap
sangat bermamfaat,5,sangat bermamfaat
udah ngga bagus udah pake ber tahun tahun tapi dana cicilnya ngga ada giliran yang baru bikin langsung ada udah nunggu 30 hari lebih masih aja ngga ada guwe udah 6bulan nunggu ngga ada terus,1,udah ngga bagus udah pake ber tahun tahun cicil ngga gilir baru bikin langsung udah nunggu hari lebih aja ngga guwe udah bulan nunggu ngga terus
mental bagus,5,mental bagus
kenapa waktu buka e wallet katanya sudah kadaluarsa...minta tolong dong biar saya bisa kirim e e wallet,5,waktu buka e wallet kata kadaluarsaminta dong biar kirim e e wallet
dana Sukak keluar tanpa sebab. padahal versi android 8 uda,1,sukak keluar padahal versi android uda
"saya kasih bintang 1. sangat kecewa dengan aplikasi ini. setiap kali dibuka tiba tiba layar hitam lalu putih terus keluar. aplikasi yang sangat merugikan banyak pihak dan pengguna. kepada developer, jika tidak ada niat perbaikan alangkah baiknya jika aplikasinya dimusnahkan (hapus) saja karena sangat merugikan kami (para pengguna dana) dari sejak lama.",1,kasih bintang sangat kecewa kali buka tiba tiba layar hitam lalu putih terus keluar sangat rugi banyak pihak developer niat baik alangkah baik musnah hapus sangat rugi sejak lama
"kenapa dana saya belum ada dana instan ya,padahal transaksi selalu besar",5,instan yapadahal transaksi selalu besar
mantap dana sangat membantu sekali buat saya,5,mantap sangat bantu sekali buat
transfer tengah malam transaksi berhasil...pas di cek ke ATM saldo.a tetep gk ada...gmn ne pertanggung jawabannya...dikira gampang cari uang,5,transfer tengah malam transaksi berhasilpas cek atm saldoa tetep gk adagmn ne tanggung jawabannyadikira gampang cari uang
"kok makin aneh ni apl dana,,,dana cicil nya saya sudah bayar lunas,,,tapi masih ak di tagih dan di sedot saldo saya,,,dan saya sudah chat buat berulang kali laporan tapi masih blom ad solusinya,,masih aj saldo saya di sedot,,",1,kok makin aneh ni apl danadana cicil bayar lunastapi ak tagih sedot saldo sayadan chat buat ulang kali lapor blom ad solusinyamasih aj saldo sedot
sebenarnya aplikasi ini udh bagus.cuma kok aku setiap mau daftar akun baru pke yg sekarang akun ku knapa ga bisa masuk ya udh gitu gagal buat dapat no. pin pokok nya ribet deh.,4,benar udh baguscuma kok aku mau daftar akun baru pke yg sekarang akun ku knapa ga masuk udh gitu gagal buat no pin pokok ribet deh
ngeBUG apk ini. setiap mau masuk gk bisa.,1,ngebug mau masuk gk
Kenapa fitur dana+ tidak bisa dibuka. Rekan dana juga tidak bisa. Keterangan sistem sedang sibuk. Mau chat diana juga gak bisa... Semoga bisa normal kembali secepatnya,2,fitur buka rekan terang sistem sedang sibuk mau chat ana gak moga normal cepat
sangat membantu,5,sangat bantu
kecewa saldo saya hilang sendiri,1,kecewa saldo hilang sendiri
sangat membantu dalam transaksi,5,sangat bantu transaksi
aplikasi tidak bisa di buka.. cuma logo aja langsung keluar sendiri..padahal baru di update.. sudah d coba di restart ulng hasilnya tetap sama,1,buka cuma logo aja langsung keluar sendiripadahal baru update d coba restart ulng hasil tetap sama
sekarang sekarang ini susah bgt di buka si dana,5,sekarang sekarang susah bgt buka si
aplikasi bagus dan bisa memudahkan untuk bertransaksi,5,bagus mudah transaksi
sanget bagus,5,sanget bagus
"sangat membatu, tanpa ribet dalam transaksi",5,sangat batu ribet transaksi
bagus mantap,4,bagus mantap
"tarik saldo dari dana bisnis sering eror, tolong di perbaiki",3,tarik saldo bisnis sering eror baik
sangat membantu,5,sangat bantu
mantap,5,mantap
baik aman cepet,5,baik aman cepet
bagus sekali,5,bagus sekali
ok,5,
udh oersi terbaru kok gak muncul dana instan nya,5,udh oersi baru kok gak muncul instan
"INI INVEST EMAS KOK GAK BISA DI BUKA WEHHHH, BAGUSIN LAH FITUR NYA SAMA AKTIVITAS NYA JUGA. BAGUSIN GAKKK!!!!!",1,invest emas kok gak buka wehhhh bagusin lah fitur sama aktivitas bagusin gakkk
sangat membantu,4,sangat bantu
"apk jelek,saldo saya kepotong saat gagal payment tapi blm di kembalikan jugq pada saat ini",1,jeleksaldo potong gagal payment blm jugq
pakai dana emang lbiihh enaakk,5,pakai emang lbiihh enaakk
ok,5,
kenapa dana tidak bisa dibuka,2,buka
ok,5,
tolong bantuan nya ini kenapa ya tiap kali saya buka aplikasi dana gak bisa selalu minta kirim laporan bug,3,bantu tiap kali buka gak selalu minta kirim lapor bug
udah lama make dana Baru kali ini mau dibuka nggak bisa kembali sendiri meskipun di-update tetap gak bisa dibuka tolong diperbaiki lagi misalkan ada saldonya ini kan nggak bisa dibuka gimana??,2,udah lama make baru kali mau buka sendiri meski diupdate tetap gak buka baik misal saldo kan buka gimana
lebih murah lebih cepat jga pake dana tuh sukaaa bgt pokonya pke dana,5,lebih murah lebih cepat jga pake tuh sukaaa bgt poko pke
mantap,5,mantap
mantap mudah,3,mantap mudah
chece sudah di hapus sudah di upgrede sudah di unstal sudah di dwonload lagi masih sama hasilil nya pas mau di buka mentok di logo udah pusing,1,chece hapus upgrede unstal dwonload sama hasilil pas mau buka mentok logo udah pusing
NI APLIKASI KENAPA DAH ERROR MULU MENTOK DILOGO UPDATE UDAH PADAHAL,2,ni dah error mulu mentok logo update udah padahal
chatboth nya gblok oper sna sni gak bsa menyelesaikan masalah.,1,chatboth gblok oper sna sni gak bsa selesai masalah
"Aplikasi ini sangat baik saya suka menggunakan nya. tapi dari kemarin sampai sekarang fitur fitur nya seperti cicil, instan, tagihan, bantuan admin dan lain lain tidak bisa di buka lagi. jadi bagaimana mau bayar tagihan kalau tidak bisa di buka lagi. tolong di bantu adminğŸ™ Terima kasih",5,sangat baik suka kemarin sekarang fitur fitur cicil instan tagih bantu admin buka jadi bagaimana mau bayar tagih kalau buka bantu admin terima kasih
cepat,3,cepat
ğŸ‘,5,
kenapa saya gk bsa gunakan dana cicil,1,gk bsa cicil
cepat aman,5,cepat aman
sesi kadaluarsa maksud nya apaandah,1,sesi kadaluarsa maksud apaandah
bagus,5,bagus
berguna ğŸ«°ğŸ»,5,
"Saya sebagai pengguna/pelanggan dana merasa kecewa, karna untuk akses fitur dana cicil saya belum ada sama sekali padahal sudah premium. tolong di perhatikan lg",2,penggunapelanggan rasa kecewa karna akses fitur cicil sama sekali padahal premium perhati lg
"Terima kasih untuk kemudahan pengembalian akun premium DANA saya, sangat terbantu. Hanya saat ini kesulitan di perubahan nama profil DANA Bisnis, sudah 2 Minggu ( 10 hari kerja ) belum aktif juga. Sudah menghubungi via email hampir seminggu tidak ada respon. Mohon tindak lanjutnya, min. Tks.",4,terima kasih mudah akun premium sangat bantu sulit ubah nama profil bisnis minggu hari kerja aktif hubung via email hampir minggu respon mohon tindak lanjut min tks
Sering eror gangguan terus,2,sering eror ganggu terus
"tolong di perbaiki dah,,, skrng"" ini aplikasi ini kadang gak bisa di buka,,, kmren di hapus dulu di download lg baru bisa di buka,, masa harus trs menerus mcm bgtu,,,???",5,baik dah skrng kadang gak buka kmren hapus dulu download lg baru buka masa trs terus mcm bgtu
kalau belom premium bisa engga kirim uang ke rekening bank..,4,kalau bom premium engga kirim uang rekening bank
Sebabnya saya tidak bisa daftar.,2,daftar
nyari keuntungan nya gak tangungÂ² ya !! ajak tamanÂ² move on ke dompet sebelah aja ...ğŸ˜€ makasih DANA,2,nyari untung gak tangung ajak taman move on dompet belah aja makasih
sangat puas,5,sangat puas
terlalu sering error harus selalu dihapus masuk lagi,1,terlalu sering error selalu hapus masuk
aplikasi ğŸ‘ğŸ’¯,5,
saya sangat puas dengan aplikasi dana pokok nyağŸ‘ğŸ‘ğŸ‘,3,sangat puas pokok
DANA IN THE BEST,5,in the best
baik,5,baik
sangat membantu,5,sangat bantu
admin nya baik dan apapun Kendala kita selalu di bantu dan di respon dengan baik makasih admin Diana ğŸ™,5,admin baik apa kendala selalu bantu respon baik makasih admin ana
aplikasi yang sangat bagus,5,sangat bagus
bermanfaat,5,manfaat
bagus,5,bagus
ini gmn tanggung jwb nya saldo saya hilang 50rb. pas di buka aplikasinya gk mau log in. pdahl udah up grad sama aja tetep gk bisa.,1,gmn tanggung jwb saldo hilang rb pas buka gk mau log in pdahl udah up grad sama aja tetep gk
aplikasinya bagus,5,bagus
ok,5,
baik,5,baik
sangat memuaskan,5,sangat muas
transfer uang ke bank lain malah delay udah sehari lama banget kayak lagi ngirim ke luar negeri aja. top up udah berbayar 1500 malah layanannya begini. chat cs malah yg jawab bot. apk sampah ğŸ¤£,1,transfer uang bank malah delay udah hari lama banget kayak ngirim luar negeri aja top up udah bayar malah layan begini chat cs malah yg jawab bot sampah
transaksi lebih mudah.aplikasi mudah di pahami dan jarang trobel,5,transaksi lebih mudahaplikasi mudah paham jarang trobel
sangat bagus,5,sangat bagus
"duittt sayaa kepotong kenapa inii Saya tidak merasa transfer kemana pun dan ke siapa punnn kok saldoo danaa sayaa bisaaa kepotong, ituuu duitt terakhir syaa lohh buatt makan parahhh amatt, mulai hari ini saya tidak mau pakai dana",5,duittt sayaa potong rasa transfer siapa punnn kok saldoo danaa sayaa bisaaa potong ituuu duitt akhir syaa lohh buatt makan parahhh amatt mulai hari mau pakai
sangat membantu,5,sangat bantu
bagus,5,bagus
"nth kenapa setiap ingin melakukan pembayaran diaplikasi dana menolak pembayaran,tolong dlini diperbaiki,ini saya instal ulang,kalau ga mau lagi ga tau lagi saya tu",3,nth laku bayar tolak pembayarantolong dlini diperbaikiini instal ulangkalau ga mau ga tau tu
ğŸ‘ğŸ‘ğŸ‘ğŸ‘ğŸ‘,5,
mantap,5,mantap
"asli, tadi baru beli pulsa malah disuruh nunggu sampe 1 jam, setelah 1 jam malah disuruh nunggu lagi sampe 2 hari. pdhl dana udh kepotong, gimana sih?!!!!! balikin uang saya!!!!",1,asli tadi baru beli pulsa malah suruh nunggu sampe jam jam malah suruh nunggu sampe hari pdhl udh potong gimana sih balikin uang
bagus,5,bagus
sangat membantu,5,sangat bantu
ok,4,
"knp di 99% terdiam saat saya ma update dan gagal trus,..",2,knp diam ma update gagal trus
dana sekarang eror terus bahaya bahaya,1,sekarang eror terus bahaya bahaya
kok semenjak di update apknya forclos terus ya padahal pas belum di update mah enak ini semenjak di update sering eror terus,5,kok semenjak update apknya forclos terus padahal pas update mah enak semenjak update sering eror terus
bagus bangett sangat gampang di gunakan dan lancar slalu,5,bagus bangett sangat gampang lancar slalu
puas,5,puas
"Dana Qontol, Balikin saldo gw, gw kepotong garaÂ² lu nyet",5,qontol balikin saldo gw gw potong gara lu nyet
"aplikasi sampah, kalau ada event di dana jangan kalian ikut , php doang itu . gw udah konsisten 7 hari cek in . biar dapet hadiah 5 ribu , tapi apa yang dapet malah 50 perak , padahal di gambar persis cek in 7 hari dapet 5 ribu , apk apaan ini 5 ribu aja masih php , pesen saya ingat ya kalau ada event abaikan saja .ngak bakall dapet php doang",5,sampah kalau event jangan kalian ikut php doang gw udah konsisten hari cek in biar dapet hadiah ribu apa dapet malah perak padahal gambar persis cek in hari dapet ribu apa ribu aja php sen ingat kalau event abai ngak bakall dapet php doang
Sangat bagus mudah untuk bisnis..,5,sangat bagus mudah bisnis
"semoga lebih di tingkatkan lagi keamanan dan fitur nya , good jobs",5,moga lebih tingkat aman fitur good jobs
baguss,5,baguss
transaksi jadi mudah,5,transaksi jadi mudah
"cepat, mudah, efisien",5,cepat mudah efisien
sangat bagus dan enak pake dana ini kirimnya cepet banget pokok e,5,sangat bagus enak pake kirim cepet banget pokok e
puas sekali,5,puas sekali
aplikasi dana sangat membatu top ğŸ‘,5,sangat batu top
sangat memuaskan,5,sangat muas
bagus,4,bagus
BAgus,5,bagus
oke lah,5,oke lah
sngat membntu,5,sngat membntu
"aplikasi dana saya tiap pagi gx bisa di buka,kanapa si ini. lagi lagi dan lagi gx bisa di buka.., gmana aplikasi dana ini,tiap pagi haru unstal trus download lgi baru mw d buka.",5,tiap pagi gx bukakanapa si gx buka gmana initiap pagi haru unstal trus download lgi baru mw d buka
duitku prnah hilang 300k krena terpasang app lainnn dan mo refound gak bisaaa cukup menyedihkannnn,1,duit prnah hilang k krena pasang app lainnn mo refound gak bisaaa cukup menyedihkannnn
"kasi 3 Binta dulu lumayan bagus lah,tapi ada yg membuat saya sangat terganggu,sering terjadi ketika mau membuka aplikasi dana namun terpental keluar",3,kasi binta dulu lumayan bagus lahtapi yg buat sangat terganggusering jadi mau buka pental keluar
mantap,5,mantap
Mudah di gunakan,5,mudah
"apk yg berubah jd ribet. sekarang sering gagal tiap mo kirim saldo ke ewallet. selalu ""sesi kadaluarsa"". pdhl thn lalu lancar2 aja pakai apk dana.",1,yg ubah jd ribet sekarang sering gagal tiap mo kirim saldo ewallet selalu sesi kadaluarsa pdhl thn lalu lancar aja pakai
bagus,5,bagus
ğŸ’ª,5,
is the best,5,is the best
sangat bermanfaat dan sangat membantu mempermudah transaksi tapi sayang dana cicil saya belum muncul,5,sangat manfaat sangat bantu mudah transaksi sayang cicil muncul
Saya mau ganti PIN,5,mau ganti pin
cepat tepat dan manfaat,5,cepat tepat manfaat
aplikasi nya bagus,5,bagus
bagus,5,bagus
bagus,5,bagus
Aplikasi DANA sangat mantap.. banyak menu.. sangat membantu saya di mana aja. kereeeeen sak pole luur ğŸ‘ğŸ‘ğŸ‘â¤â¤â¤,5,sangat mantap banyak menu sangat bantu mana aja kereeeeen sak pole luur
sangat cepat,5,sangat cepat
ok,5,
mantappp proses nya cepat,5,mantappp proses cepat
buat orang jadi sukses,2,buat orang jadi sukses
cakep,5,cakep
good aplikasi lah ğŸ‘,5,good lah
nunggu 30 hari udah aktif transaksi udah premium udah masih belum muncul juga fiture Dana Cicilnya,5,nunggu hari udah aktif transaksi udah premium udah muncul fiture cicil
mantap,5,mantap
"sejak diupdate 22 januari 2026 kemarin, app gk bisa dipake sampai sekarang 29 januari, entah sampai kapan app nya kembali normal.ğŸ˜ª",1,sejak diupdate januari kemarin app gk dipake sekarang januari entah kapan app normal
sangat bangus,4,sangat bangus
"kecewa banget!!! saldo dana gols saya yang sudah saya kumpulkan buat beli barang yang saya inginkan, saat saya ambil malah tidak masuk ke saldo dana!!! dan Cs hanya trus-trusan suruh menunggu 2-3h jam kerja. tapi tidak terselesaikan masalahnya malah tetap sama saja!!",1,kecewa banget saldo gols kumpul buat beli barang ambil malah masuk saldo cs trustrusan suruh tunggu h jam kerja selesai masalah malah tetap sama
tlong ditindaklanjuti para hacker dan penipu yg banyak beredar di tok tok mengatas namakan dana Krn akun kami JD rusak dan TDK bs lagi d gunakan. keamanan data akhrnya TDK trjamin,1,tlong ditindaklanjuti hacker tipu yg banyak edar tok tok atas nama krn akun jd rusak tdk bs d aman data akhrnya tdk trjamin
fitur dana cicil nya ga ada,4,fitur cicil ga
sangat baik,4,sangat baik
dana cicilku gc muncul2 padahal akun aku premium,4,cicil gc muncul padahal akun aku premium
"bosokkkk.. isi E-toll saldo gak masuk, proses refund lama amat",1,bosokkkk isi etoll saldo gak masuk proses refund lama
keren banget,5,keren banget
sllu mmberi kemudahan,5,sllu mmberi mudah
sangat baik,5,sangat baik
trending top,5,trending top
mantappppp,5,mantappppp
tolong aktifkan dana cicil saya,5,aktif cicil
bagus,3,bagus
bagus,5,bagus
good,5,good
mantap,5,mantap
teimakasi,4,teimakasi
setelah update gk bisa dibuka,4,update gk buka
butuh dana cicil,5,butuh cicil
sangat mudah dan praktis ğŸ‘ğŸ‘ğŸ‘ğŸ‘ğŸ‘,5,sangat mudah praktis
semoga dana cicil saya muncul,5,moga cicil muncul
Membantu banget,5,bantu banget
sangat puas,5,sangat puas
suka,5,suka
kartu sudah tidak aktif lagi kok di ganti tidak bisa,1,kartu aktif kok ganti
mohon di bantu aktifkan dana cicil kak,5,mohon bantu aktif cicil kak
"saya sudah lakukan hal serupa berkali2 ttp saja tidak bisa di buka,, gemana mau kirim screnshot ke diana aplikasinya saja gak kebuka..??",5,laku rupa kali ttp buka gana mau kirim screnshot ana gak buka
Alhamdulillah sangat mempermudah hubungan,5,alhamdulillah sangat mudah hubung
ğŸ‘ğŸ‘Œ,5,
"buat transaksi cepet, recommended baget",5,buat transaksi cepet recommended baget
rating buruk payah susah di buka aplikasi ewallet buruk..mending pindah ke ewallet lain ...gak rekomendasi,1,rating buruk payah susah buka ewallet burukmending pindah ewallet gak rekomendasi
"pelayanan lambat, masa cuma mindahin akun suruh nunggu 90 hari, sedangkan bank besar aja paling lama 14 hari, payah payah",1,layan lambat masa cuma mindahin akun suruh nunggu hari bank besar aja paling lama hari payah payah
good service,5,good service
tidak bisa dipercaya lgi untuk transaksi kirim berhasil TPI tidak masuk d penerima uang GK kembali Dimaling bank e wallet dana rp16002 recih aja d maling apalagi jutaan,1,percaya lgi transaksi kirim hasil tpi masuk d terima uang gk maling bank e wallet rp recih aja d maling juta
"praktis cepat dan hemat admin,",5,praktis cepat hemat admin
oke mantapâ­â­â­â­â­,5,oke mantap
OK,5,
error gak bisa di buka pakyu,1,error gak buka pakyu
ğŸ‘,5,
sangat ğŸ‘ŒğŸ‘ğŸ‘ğŸ‘,5,sangat
Mantap,5,mantap
mantap,5,mantap
sangat bermanfaat untuk aplikasi dana ini,5,sangat manfaat
lumayan lah ga perlu ribet kago ga bawa cash tinggal pakai dana,5,lumayan lah ga perlu ribet kago ga bawa cash tinggal pakai
bagus,5,bagus
saya belum mendapatkan dana cicil dan limit saya besar sudah semua saya ikuti Tapi belum muncul dana cicil mohon dana cicil nya segera di atasi trima ksihğŸ™ğŸ™,5,cicil limit besar semua ikut muncul cicil mohon cicil segera atas trima ksih
apk rumit kurang aman,2,rumit kurang aman
ok,5,
bagus,5,bagus
josssssss pokok ee min,5,josssssss pokok ee min
top pokonya apk dana,5,top poko
"super bagus,,, tidak ada kendala",4,super bagus kendala
gabisa dana cicil,5,gabisa cicil
ga bisa muncul danainstan,1,ga muncul danainstan
"belum ada, dana cicil",1,cicil
bagus,4,bagus
"apalah ini aplikasi saya sudah menunggu 2 bulan tapi masih aja verifikasi diproses Mulu toko ku,jelek bintang â­",1,apa tunggu bulan aja verifikasi proses mulu toko jelek bintang
"aplikasi ndak jelas, 2 akun kena jaringan bermasalah terus 1 udah premium satunya nyoba buat akun baru malah kena juga, ngga ngapa ngapain aja ngga bisa login",1,ndak jelas akun kena jaring masalah terus udah premium satu nyoba buat akun baru malah kena ngga ngapa ngapain aja ngga login
"jangan pakek apk ini apk gak jelas saldo saya hilang tidak mau tanggung jawab tidak sesuai dengan motonya,,,tidak ada pertanggung jawaban dari pihak dana,,bilangnya akun aman tapi buktinya saldo saya hilang,,,,nyesel saya pakek apk ini apk penipu",1,jangan pakek gak jelas saldo hilang mau tanggung jawab sesuai motonyatidak tanggung jawab pihak danabilangnya akun aman bukti saldo hilangnyesel pakek tipu
seandainya Pinjaman untuk Dana cicil lebih besar kan lbh enak,5,pinjam cicil lebih besar kan lbh enak
sangat memuaskan,5,sangat muas
nomer dana saya tidak aktif tapi saya hafal nomernya dan pinya sudah scan wajah berhasil kenapa harus pakek kode otp abis itu pindah aku juga gk bisa udah 8 bulan saya tidak bisa pindah akun tolong untuk akun dana saya jika saya mau masuk tidak usah memakai kode otp yang sangat tidak berguna sama sekali!!!,1,nomer aktif hafal nomernya pinya scan wajah hasil pakek kode otp abis pindah aku gk udah bulan pindah akun akun mau masuk usah pakai kode otp sangat sama sekali
3 dlu lah. soal.y gk bisa upgrade pake KTP,3,dlu lah soaly gk upgrade pake ktp
"apk nya makin parah, baru update tapi sudah eror. malah apk nya tidak bisa dipake transaksi.padahal saldo masih ada",1,makin parah baru update eror malah dipake transaksipadahal saldo
sangat membantu,5,sangat bantu
kreeen,5,kreeen
keren,5,keren
goods Aplication,5,goods aplication
udh bertahun tahun mkmaki dana tp ko blm muncul dana cicil ny soal ny yg baru pake aja udh ada tmn2saya sedang kan saya blm ada,1,udh tahun tahun mkmaki tp ko blm muncul cicil ny soal ny yg baru pake aja udh tmnsaya sedang kan blm
"aplikasi gilaaa syaa beli kuota di dana, ehhh saldo udah ngurang tapi kuota saya ga masukk, disuruh balikin dana ga bisa, dan saya suruh sudah Ngehubungin pihak Bima, tapi di Bima tidak ada riwayat transaksi masuk kuota, pokonya ini aplkasi tololl, balikin dana gua anj",1,gilaaa syaa beli kuota ehhh saldo udah ngurang kuota ga masukk suruh balikin ga suruh ngehubungin pihak bima bima riwayat transaksi masuk kuota poko aplkasi tololl balikin gua anj
bagus,1,bagus
mantaaaaappp,5,mantaaaaappp
ok,5,
"verifikasi udh 2 langkah PIN sama VerMuk biasanya bisa langsung masuk. ini malah harus pake kode OTP,jelas-jelas kartu SIM udah hilang dari 2021. sekarang udah hampir 1 bulan akun DANA saya gak bisa masuk.",1,verifikasi udh langkah pin sama vermuk biasa langsung masuk malah pake kode otpjelasjelas kartu sim udah hilang sekarang udah hampir bulan akun gak masuk
fitur DANA CICIL TIDAK MUNCUL. MOHON SEGERA DI AKTIFASI,5,fitur cicil muncul mohon segera aktifasi
mempermudah transaksi,5,mudah transaksi
kluarin dana cicil nya,5,kluarin cicil
bagus,5,bagus
dana udah nga jelas,1,udah nga jelas
"Knpa saya tidak bisa login aplikasi ini lg ya, padahal saya sudah pernah daftar. nomer pun masih pake nomer yg sama lho. jaringan kurang stabil Mulu, padahal jaringan saya baikÂ² saja kok",2,knpa login lg padahal pernah daftar nomer pake nomer yg sama lho jaring kurang stabil mulu padahal jaring baik kok
memulai bisnis sendiri yang pasti menjadi maju,5,mulai bisnis sendiri jadi maju
Kok akun dana ini tidak bisa pakai fitur dana cicil ya,5,kok akun pakai fitur cicil
oke,5,oke
ğ’ğ’‚ğ’ğ’•ğ’‚ğ’‘,5,
aktifkan dana instan,5,aktif instan
sangat membantu dan terpercaya,5,sangat bantu percaya
ğŸ‘ğŸ‘ğŸ‘ğŸ‘ğŸ‘ğŸ‘ğŸ‘ğŸ‘ğŸ‘ğŸ‘ğŸ‘ğŸ‘ğŸ‘,5,
sangat mantap bosss,5,sangat mantap bosss
parah masih gk bisa masuk juga,1,parah gk masuk
bantu,5,bantu
sangat membantu,5,sangat bantu
mohon maaf fitur dana cicil saya tidak muncul,1,mohon maaf fitur cicil muncul
butuh bantuannya,5,butuh bantu
koq akun saya gak ada fitul dana cucil nya....padahal sdh d upgread Dana Premium,3,koq akun gak fitul cucil nyapadahal sdh d upgread premium
gimana cara login ke dana cuma pake wajah tanpa kode otp soalnya kartunya sudah tidak aktif,1,gimana cara login cuma pake wajah kode otp soal kartu aktif
"tidak bisa di buka,,,tolong gimna pembukaanya",3,bukatolong gimna pembukaanya
ini kenapa ya e wallet dana saya kok sesi kedaluarsa .. mohon dibantu.,5,e wallet kok sesi kedaluarsa mohon bantu
"aplikasi ini Sangat merugikan saya, saya tidak melakukan transaksi apapun tapi saldoku hilang dan aku sudah melaporkan nya mereka mengatakan bahwa ini transaksi sah dan terverifikasi padahal saya tidak melakukan apapun, semoga user lain hatiÂ² dalan menggunakan apk ini",1,sangat rugi laku transaksi apa saldo hilang aku lapor kata transaksi sah verifikasi padahal laku apa moga user hati dal
"Udah dibersihin cache/cookies, udah di update, udah di uninstall dan install ulang, tapi tiap buka tab ""aktivitas"" selalu stag layar putih. Kenapa?",2,udah dibersihin cachecookies udah update udah uninstall install ulang tiap buka tab aktivitas selalu stag layar putih
ngilang mulu uangku tapi,5,ngilang mulu uang
baik,5,baik
kenapa punya saya gak bisa dana cicilnya,1,punya gak cicil
sangat puas kirim uang melalui dana,5,sangat puas kirim uang lalu
praktis dan simpel,4,praktis simpel
mantaap,5,mantaap
ok,5,
"untuk pihak dana tolong balikin saldo saya, saya top up brizi 300 K di dana saldo udah terpotong tpi brizi saya belum ke isi. gimana sistemnya brizi sya blom masuk sedangkan pembayarannya berhasil dan tidak ada pengembalian.",1,pihak balikin saldo top up brizi k saldo udah potong tpi brizi isi gimana sistem brizi sya blom masuk bayar hasil
oke,5,oke
kenapa gk bisa di buka,1,gk buka
versi lama ada,1,versi lama
"gimana lah aplikasi ini tiba"" akun dana di tangguhkan",1,gimana lah tiba akun tangguh
sangat baik,5,sangat baik
karna masalhku udah selesai walaupun lamanya minta ampun dan tidak ada solusi akhrinya aku bairkan berminggu2 tiba2 bisa sendiri tu saldo di tarik jadi aku kasih 5 bintang lagi min. jangn diputer2 kalau ada yg komplen min pusing,5,karna masalhku udah selesai walaupun lama minta ampun solusi akhrinya aku bairkan minggu tiba sendiri tu saldo tarik jadi aku kasih bintang min jangn puter kalau yg komplen min pusing
memabntu,5,memabntu
bagus sekali,5,bagus sekali
bagus aman,5,bagus aman
sangat bagus,5,sangat bagus
"kenapa yang saya ga bisa di buka ya apl DANA nya,,mana masih ada saldo nya",5,ga buka apl nyamana saldo
saya kasi bintang 5 krna aplikasi ini sangat membantu saya ..,5,kasi bintang krna sangat bantu
sangat membantu dlm ber transaksi,5,sangat bantu dlm ber transaksi
uang ku sering hilang di aplikasi ini. aplikasi maling,1,uang ku sering hilang maling
bagus sekali,5,bagus sekali
semoga cepet muncul pitur dana cicil nya,5,moga cepet muncul pitur cicil
mantaaap,5,mantaaap
oke,3,oke
mantap,5,mantap
ok,5,
"tidak bisa login , pemindahan akun gagal , banyak sekali kendalanya, saya kecewa",5,login pindah akun gagal banyak sekali kendala kecewa
blm ada dana instan nya.,5,blm instan
keren sekali dana nya,5,keren sekali
jangan Makai dana makin kemari dana makin GK jelas aplikasi tolol,1,jangan makin kemari makin gk jelas tolol
najiss apk sampah mau daftar aja di persulit,1,najiss sampah mau daftar aja sulit
knp fitur dana cicil gk bisa di gunakan,1,knp fitur cicil gk
saya belum dapet dacil Min sedih,5,dapet dacil min sedih
saldo saya tiba tiba ilang kesedot,1,saldo tiba tiba ilang sedot
"bisa daftar akun bisnis tapi di persulit buat hapus akun bisnis tanpa hapus akun personal, ribet!!",1,daftar akun bisnis sulit buat hapus akun bisnis hapus akun personal ribet
oky,5,oky
the bezzztt,5,the bezzztt
ini kenapa lagiiiiiiii sinyal bagus kok aplikasi ngelank mulu emosi bgt deh kebiasaan,2,lagiiiiiiii sinyal bagus kok ngelank mulu emosi bgt deh biasa
bagus ber mamfaat,5,bagus ber mamfaat
"aplksi bangke nomor sdh TDK aktif login pakai pin pakai verifikasi wajah tetap minta kode otp , sedangkan nomor sdh hilang,mending kalo dftr LG bisa pakai nomor baru,tolong solusinya pihak dana bnyk yg mengeluh",1,aplksi bangke nomor sdh tdk aktif login pakai pin pakai verifikasi wajah tetap minta kode otp nomor sdh hilangmending kalo dftr lg pakai nomor barutolong solusi pihak bnyk yg keluh
aplikasi dana banyak pencuri nya bisa bisa nya saldo saya terpotong otomatis tanpa brlanganan dan tidak ada tanggung jawab nya ini pihak dana,1,banyak curi saldo potong otomatis brlanganan tanggung jawab pihak
Oke setelah mengikuti langkah-langkah dari developer semua jadi aman terimakasih,5,oke ikut langkahlangkah developer semua jadi aman terimakasih
"Minggu"" ini aplikasi sering error saat mau login tidak bisa masuk , sudah chek di google playstore tidak update dari aplikasi ini , sudah mencoba hapus data & mencoba login kembali tetap tidak bisa kadang suka for close kadang malah layar blank putih",1,minggu sering error mau login masuk chek google playstore update coba hapus data coba login tetap kadang suka for close kadang malah layar blank putih
"apk yg merugikan custamer, saldo dana hilang 400rb terpotong oleh tiktok coin recharge padahal tidak memesan sama sekali, sudah minta di refund tetapi saldo tidak di kembalikan. di email pun percuma tidak ada jawaban! dimana pertanggung jawaban pihak DANA?",1,yg rugi custamer saldo hilang rb potong tiktok coin recharge padahal mes sama sekali minta refund saldo email percuma jawab tanggung jawab pihak
puas,5,puas
puas menggunakan rekening dana,5,puas rekening
goddd,5,goddd
mantap,5,mantap
"dana hama, masa gua mau pake saldo dana gua buat top up kaga bisa, malah ada tulisan jumlah melebihi batas transaksi, padahal gua udah jarang top up loh, trus saldo dana gua nanti jadi gak kepake dong gua pake top up game kaga bisa, top up koin kaga bisa, apa apa kaga bisa, mana gak bisa di tarik lagi karna gua belum verifikasi KTP, terus nanti saldo dana gua sayang dong kalo gak kepake mah, emang aplikasi busuk, hama, butut, nyesel gua milih aplikasi dana, mending pake gopay, dana BUTUT!!",1,hama masa gua mau pake saldo gua buat top up kaga malah tulis jumlah lebih batas transaksi padahal gua udah jarang top up loh trus saldo gua jadi gak kepake dong gua pake top up game kaga top up koin kaga apa apa kaga mana gak tarik karna gua verifikasi ktp terus saldo gua sayang dong kalo gak kepake mah emang busuk hama butut nyesel gua milih mending pake gopay butut
sangat membantu dan mudah untuk bertransaksi,5,sangat bantu mudah transaksi
mantap,5,mantap
sangat membantu,5,sangat bantu
top up Shopee pay transaksi udah berhasil tapi saldo belum masuk kayak mana min,1,top up shopee pay transaksi udah hasil saldo masuk kayak mana min
keren,5,keren
"untuk fitur dana instan nya knpa ga muncul "" ya padahal transaksi saya selalu pake dana",5,fitur instan knpa ga muncul padahal transaksi selalu pake
baik,5,baik
transaksi lebih mudah dan cepat,5,transaksi lebih mudah cepat
ok,5,
sangat bagus,5,sangat bagus
sangat bagus untuk bertransaksi,4,sangat bagus transaksi
kalau bisa limit perbulannya bebas,5,kalau limit bulan bebas
"Aplikasi bisa bikin sial ini , sampe sampe salah transfer bukan sekali doang, costumer dana juga orang nya bego sistem keamanan nya, semoga cepat hilang dompet digital ini, yang pasti aja mbank dari pada aplikasi gini",1,bikin sial sampe sampe salah transfer bukan sekali doang costumer orang bego sistem aman moga cepat hilang dompet digital aja mbank gin
pihak dana tidak bertanggung jawab atas saldo rekening yang hilang.,1,pihak tanggung jawab atas saldo rekening hilang
matapp,5,matapp
mantap,5,mantap
sangat bagus sekali kali aplikasi kasi terpercaya,5,sangat bagus sekali kali kasi percaya
sangat memuaskan,5,sangat muas
good,5,good
mantap,5,mantap
APLIKASI INI KURANG AMAN UANG SAYA 1.500.000 HILANG DI APLIKASI INI COBA LAH PADAHAL UANG ITU MAU KU PAKAI UNTUK KEPERLUAN OY BALIKAN UANGKU 1.500.00Rp ku itu,1,kurang aman uang hilang coba lah padahal uang mau ku pakai perlu oy balik uang rp ku
amannn untun menyimpan uang,5,amannn untun simpan uang
mantapğŸ‘,5,mantap
ğŸ˜˜,5,
"N AJ ISS GUAA PAKE DANA, TIAP ISI SALDO DI POTONG 1500 TERUS ADA 10 KALI DI POTONG NAJISS PAKE DANA APAAN GEDE amat di potong nya!",1,n aj iss guaa pake tiap isi saldo potong terus kali potong najiss pake apa gede potong
mantap,4,mantap
"dana cicil gk bisa pakai,pdahal udah di upgrade premium",1,cicil gk pakaipdahal udah upgrade premium
mantab boskuğŸ‘ğŸ‘ğŸ‘,5,mantab bos
"kenapa dana tidak bisa di downliaddi tablet saya yaa, kecewa",2,downliaddi tablet yaa kecewa
mantapppğŸ‘ğŸ‘ğŸ‘ğŸ‘ğŸ‘ğŸ‘ğŸ‘,5,mantappp
aplikasi buruk,1,buruk
mantap,5,mantap
sudah di update malah dana cicil ny ga bisa di pake lagi kakak.gmn ini,2,update malah cicil ny ga pake kakakgmn
sangat pas deh,5,sangat pas deh
aplikasi yang sangat membantu,5,sangat bantu
aplikasi dana sangat membantu untuk kemudahan bertransaksi,5,sangat bantu mudah transaksi
"Dana cicil tidak bisa digunakan padahal limit tersedia, sudah coba up date tetap aja tidak bisa digunakan, payah",1,cicil padahal limit sedia coba up date tetap aja payah
kenapa aplikasi aku gk ada dana cicilnya,1,aku gk cicil
"dahlah, nyerah sama ni apk. Makasih udah nemenin dari 2021 - 2026 awal, dulu aplikasinya simpel ga banyak fiturÂ² mubadzir dan pastinya ringan di hp saya, lah sekarang make Vivo X100 pun masih ngelag, buat transaksi malah pada lari customer saya.",1,dah nyerah sama ni makasih udah nemenin awal dulu simpel ga banyak fitur mubadzir ringan hp lah sekarang make vivo x ngelag buat transaksi malah lari customer
kirim.uang beda bank jadi mudah,5,kirimuang beda bank jadi mudah
good,5,good
Tolong bantu saya untuk daftar akun baru dana,5,bantu daftar akun baru
aplikasinya sulit digunakan seperti alat di dalam aplikasi ya dan akhirnya aku sadar kalau hp ku yang salah butuh bantuan untuk bisa beli hp baru agar bisa mengunakan aplikasi dana dengan nyaman,2,sulit alat akhir aku sadar kalau hp ku salah butuh bantu beli hp baru mengunakan nyaman
Dana ok banget,5,banget
"ini kenapa dana cicil di saya tidak dapat digunakan,pdahal sudah lunas smua,cuma limit 150k.tapi tidak dapat digunakan lagi,agak kecewa:).pdahal lagi perlu mndesak",2,cicil digunakanpdahal lunas smuacuma limit ktapi lagiagak kecewapdahal perlu mndesak
istimewa,5,istimewa
mentok di logo terus . udh update + reset hp juga . aneh !!,1,mentok logo terus udh update reset hp aneh
semoga selalu amanah dan aman ya agar memudahkan wrga indonesia disemua kalanganğŸ˜šğŸ˜š,5,moga selalu amanah aman mudah wrga indonesia semua kalang
aplikasi rusak saldo tiba' hilang tanpa transaksi apapun,1,rusak saldo tiba hilang transaksi apa
cepat dan hemat,5,cepat hemat
bagus,5,bagus
mudah di gunakan,5,mudah
Tidak bisa dibuka dihp ram 2,1,buka dihp ram
tambahin inves perak dong,5,tambahin inves perak dong
dana sekarang lagi kenapa si ko ga bisa di buka?,1,sekarang si ko ga buka
"Saldo gw yang kepotong di pembayaran yang gagal ga di balikin notif doang yg masuk, apk gaje.",1,saldo gw potong bayar gagal ga balikin notif doang yg masuk gaje
sangat baik,5,sangat baik
kacau dana sekarang tambah lama tambah GK bisa di andal kan gak bisa di buka dan harus hapus dulu terus download lagi setiap mau transaksi,2,kacau sekarang tambah lama tambah gk andal kan gak buka hapus dulu terus download mau transaksi
terimakasi,5,terimakasi
Danaa lopyuuuuuu pokonyamahhhh pelayana sangat baikk dan semua kendala diatasi dengan baikkkk,5,danaa lopyuuuuuu pokonyamahhhh pelayana sangat baikk semua kendala atas baikkkk
saya mau upgade premium selalu ada kesalahan membuat order kyt saya ga faham itu apa bikin saya resah,1,mau upgade premium selalu salah buat order kyt ga faham apa bikin resah
min mau tf kok sesi kadaluarsa. gmn si,5,min mau tf kok sesi kadaluarsa gmn si
"mantap,CPT,simple.sangat membantu,trmksh.",5,mantapcptsimplesangat membantutrmksh
"semenjak aplikasi cicil saya gak bisa dipakai padahal gak ada tagihan,saya uninstall apk sampah ini,percuma chat admin juga gak ada solusi,mending pake aplikasi lain yang lebih mudah prosesnya.dan bintang satu pantas buat aplikasi ini.",1,semenjak cicil gak pakai padahal gak tagihansaya uninstall sampah inipercuma chat admin gak solusimending pake lebih mudah prosesnyadan bintang satu pantas buat
bagus terimakasih,5,bagus terimakasih
ok,2,
ok,5,
manteepp,5,manteepp
lambat lowding,1,lambat lowding
login susah di buka,2,login susah buka
sangat baik,5,sangat baik
sangat mudah,5,sangat mudah
aplikasi yg bagus sangat2 membantu...next transfer ke bank tetp gratis admin yah,5,yg bagus sangat membantunext transfer bank tetp gratis admin yah
APLIKASI GAJELAS SALDO SUKA HILANG KEAMANAN MINIM KOCAK,1,gajelas saldo suka hilang aman minim kocak
sangat membantu dan mudah,5,sangat bantu mudah
sangat bagus,1,sangat bagus
bagaimana untuk bisa dapat limit dana cicil,5,bagaimana limit cicil
ok,5,
jelek dan sampah nih apk updatte trus tiap bulan tpi y gitu sama aj kurang inivasi dan kadang klo singal bagus ttp katanya g ada singal,1,jelek sampah nih updatte trus tiap bulan tpi y gitu sama aj kurang inivasi kadang klo singal bagus ttp kata g singal
bagus,5,bagus
dana cicil aku ga ada ya .. knp ???,4,cicil aku ga knp
sangat bagus,4,sangat bagus
Sungguh mantap,5,sungguh mantap
aplikasi ini sangat membantu.,5,sangat bantu
sangat membantu untuk transaksi,5,sangat bantu transaksi
Bagong,5,bagong
mantap lah pokoknya,5,mantap lah pokok
"sangat membantu apk ini,saya sangat senang.",5,sangat bantu inisaya sangat senang
sangat mudah dan kualitas tinggi,5,sangat mudah kualitas tinggi
cukup membantu,5,cukup bantu
good,5,good
saat saya mau ganti no ko susah bnget ya ngga ada kejelasan,4,mau ganti no ko susah bnget ngga jelas
so nice,5,so nice
gak usah di download apps sampah motong saldo suka suka dia.30 ribu di potong saldo/15hari tanpa ada konfirmasi,1,gak usah download apps sampah motong saldo suka suka ribu potong saldohari konfirmasi
ok,5,
sangat membantu,5,sangat bantu
sangat baik,5,sangat baik
ğŸ‘ğŸ¿,5,
sangat bgs,5,sangat bgs
apalah mau lihat detail transaksi malah stack dan gabisa lanjut ke halamannya,1,apa mau lihat detail transaksi malah stack gabisa lanjut halaman
baik,5,baik
Good,5,good
buruk tiba tiba keluar sendiri,1,buruk tiba tiba keluar sendiri
tambahkan assets investasi lain selain emas misalnya perak,4,tambah assets investasi emas misal perak
keren,5,keren
sangatlah membantu,4,sangat bantu
terima kasih dengan adanya dana sangat membantu dalam hal cepat transaksi,5,terima kasih sangat bantu cepat transaksi
"apasih mau narik saldo dana goals gak bisa di surih scan wajah udah tapi malah penarikan saldo gagal pas di coba lagi langsung penarikan saldo gagal gimana dong uang saya di dana goals itu semua,ini ya bukan ini udah di scan wajahnya malahan ga ke tarik dana nya malah kembali ke dana goals lagi pokoknya saya mau saldo saya di kembalikan ke saldo dana seperti biasa aja keluarkan dari dana goals udah itu aja udah di coba masih aja gak bisa gimana ini gak jelas banget saya mohon respon secepatnya",1,apasih mau narik saldo goals gak surih scan wajah udah malah tari saldo gagal pas coba langsung tari saldo gagal gimana dong uang goals semuaini bukan udah scan wajah malah ga tarik malah goals pokok mau saldo saldo biasa aja keluar goals udah aja udah coba aja gak gimana gak jelas banget mohon respon cepat
sangat puas,5,sangat puas
masih kurang bagus karna akun dana saya tidak ada dana cicil nya,5,kurang bagus karna akun cicil
"kak gmna ya caranya agar saya bisa download lagi dana? saya gak bisa download, suka ada tulisan ""perangkat anda tidak komportable""",5,kak gmna cara download gak download suka tulis perangkat komportable
mantap,5,mantap
lumayan bagus,5,lumayan bagus
mantap...,3,mantap
Yoi,5,yoi
bagai mana cara mengaktifkan fitur DANA CICIL,5,bagai mana cara aktif fitur cicil
amat sangat membantu.terima kasih dana.ğŸ™ğŸ™,4,sangat membantuterima kasih
"bagus,puas",5,baguspuas
di ktp namanya apa yang jadi username namanya beda,1,ktp nama apa jadi username nama beda
suka lelet,3,suka lelet
dana cicil ko belum ada ya,5,cicil ko
mantap untuk sekarang afk ny,1,mantap sekarang afk ny
sangat membantu UMKM,5,sangat bantu umkm
ok,5,
mantab pokokx,5,mantab pokokx
gampang Untuk transaksi,2,gampang transaksi
sangat memuaskan.,5,sangat muas
bagus aplikasinya,5,bagus
gacor,5,gacor
aman dan amanah,5,aman amanah
tingkatin lagi supaya semua pengguna dana ada fitur dana cicil yah,2,tingkatin semua fitur cicil yah
proses cepat... untuk bnak tertentu gratis kirim uang,5,proses cepat bnak gratis kirim uang
"bermanfaat,,sangat membantu,,",5,bermanfaatsangat bantu
mmantap,5,mmantap
terbaik,5,baik
tidak bisa di download,1,download
mantapp,5,mantapp
sangat mudah di gunakan,5,sangat mudah
"dapat di gunakan dengan mudah dan nyaman untuk transaksi, mantap lah pokoknya yuk download dana bank digital Indonesia.",5,mudah nyaman transaksi mantap lah pokok yuk download bank digital indonesia
the beast,5,the beast
untuk upgrade ke premium loadingnya lama bangeet,4,upgrade premium loadingnya lama bangeet
bagus cuma tingkatkan keamanan dalam akun untuk mencegah pencurian uang dan penipuan,5,bagus cuma tingkat aman akun cegah curi uang tipu
aplikasi yang tidak amanah ...tidak becus mengatasi masalah nasabah ...,1,amanah becus atas masalah nasabah
menyenangkan dn membantu,5,senang dn bantu
sangat baik,5,sangat baik
lancar,5,lancar
"terjadi transaksi sendiri, saya kasih bintang 1 karena keamanan sistem aplikasi nya kurang bagus,sehingga terjadi transaksi sendiri,",1,jadi transaksi sendiri kasih bintang aman sistem kurang bagussehingga jadi transaksi sendiri
kok saya belum ada dana cicil nyah,4,kok cicil nyah
"pertama kali nyesel menggunakan aplikasi dana karena ketipu pas mengajukan pengaduan tidak menghasilkan apa apa, kecewa si kasian yang kena tipu selain aku tapi dari pihak dana nya malah tidak bisa membantu, padahal kalo langsung melapor ngasih bukti seharusnya bisa melacak yang nipu dan bisa membekukan rekening tapi ini tidak, sayang sekali uang aku jadinya ilang deh sedih campur aduk jadi trauma.",1,pertama kali nyesel tipu pas aju adu hasil apa apa kecewa si kasi kena tipu aku pihak malah bantu padahal kalo langsung lapor ngasih bukti lacak nipu beku rekening sayang sekali uang aku jadi ilang deh sedih campur aduk jadi trauma
"aplikasi sampah pas buka cuman muncul logo hubung di no 1500-445, di bilang masih dalam proses pemeliharaan",1,sampah pas buka cuman muncul logo hubung no bilang proses pelihara
mantab,5,mantab
ğŸ‘ğŸ‘ğŸ‘ğŸ‘ğŸ‘,5,
mantaaap sekaliğŸ˜,5,mantaaap sekali
"hati2 nyimpen di dana, lagi dpt kiriman selang 1 jam uang tertarik ke Exis..pdhal gak ada sangkut pautnya..",1,hati nyimpen dpt kirim selang jam uang tarik exispdhal gak sangkut paut
mantap me mudah kn transaksi,5,mantap me mudah kn transaksi
Untuk developer mohon di perbaiki lagi masalah BUG login app Dana,2,developer mohon baik masalah bug login app
tolong di perbaiki bos saya ga bisa masuk2,5,baik bos ga masuk
kenapaaa saya tidak bisa login ke aplikasi dana padahal nomer saya masih aktif,3,kenapaaa login padahal nomer aktif
oklah bagus sekali,3,oklah bagus sekali
bagus,5,bagus
luar biasa,5,luar biasa
bermanfaat sekali,5,manfaat sekali
mantap,5,mantap
mantap,5,mantap
memudahkan transaksi dan aman,5,mudah transaksi aman
aplikasi bikin sayah di marahin komandan gak bisa kirim uang lewat e-walet sesi kedeluawarsa sesi kamu kadeluawarsa silakan coba lagih inih persi v1.11.0 padahal udah di pembarui komandan sayah lagih butuh uang malah gak bisa di kirim gimana sih dan semakin kecewa,1,bikin sayah marahin komandan gak kirim uang lewat ewalet sesi kedeluawarsa sesi kamu kadeluawarsa sila coba lagih inih pers v padahal udah baru komandan sayah lagih butuh uang malah gak kirim gimana sih makin kecewa
sangat membantu,5,sangat bantu
good,5,good
bagus,5,bagus
apk ini tidak bisa di percaya soal keamanan nya,1,percaya soal aman
"menu dana instan tidak muncul,",2,menu instan muncul
mantap,5,mantap
aplikasi apaan jir nggak bisa dipake tiap kali mau masuk sistemnya sibuk,1,apa jir dipake tiap kali mau masuk sistem sibuk
"mantap,dan meyakinkan walau kadang erooor",5,mantapdan yakin kadang erooor
kenapa aplikasi dana ini harus pakai wifi baru bisa aktif kalau pakai data seluler tidak bisa tolong diperbaiki dan tolong beri solusinya,1,pakai wifi baru aktif kalau pakai data seluler baik beri solusi
sangat mudah untuk transaksi,5,sangat mudah transaksi
Mudah dan nyaman,5,mudah nyaman
kadng lemot,4,kadng lot
sangat membantu,5,sangat bantu
tidak bisa transfer dibawah 20 ribu. giliran transfer 20 ribu malah ada biaya admin. transfer dari virtual bank juga gabisa. bikin susah orang.,1,transfer bawah ribu gilir transfer ribu malah biaya admin transfer virtual bank gabisa bikin susah orang
keren,5,keren
bagus,5,bagus
mau daftar tapi di persulit masalah lupa kata sandi pasword padahal ini nomor hape dan email hape sendiri,1,mau daftar sulit masalah lupa kata sandi pasword padahal nomor hape email hape sendiri
knp dana kdng susah d buka ad ketreangan pembarual luak trus menerus kpn dana normal kembali,2,knp kdng susah d buka ad ketreangan pembarual luak trus terus kpn normal
lurbiasa sangat membatu trimakasih dana,5,lurbiasa sangat batu trimakasih
sangat membantu,5,sangat bantu
"terima kasih dengan menggunakan aplikasi ini saya lebih mudah bertransaksi dimanapun berada,dana memang ok, Dan terjamin tetap aman, dan ada jaminan saldo kembali kalau kehilangan saldo tanpa sebab",5,terima kasih lebih mudah transaksi mana beradadana memang jamin tetap aman jamin saldo kalau hilang saldo
keren,5,keren
"mantaf.tp ko kadang berenti,tolong di perbaiki saya butuh bgt",5,mantaftp ko kadang berentitolong baik butuh bgt
sayang na belm muncul dan cicil saya,3,sayang na belm muncul cicil
udah lama pke dana gapernah ada masalah apapun semuanya aman,5,udah lama pke gapernah masalah apa semua aman
baik sekali,5,baik sekali
terimakasih sgat membantu,5,terimakasih sgat bantu
sangat puas dan sempel,5,sangat puas sempel
kadang ssah batalin berlangganan,3,kadang ssah batalin langgan
ok,5,
sangat amanah terpecayağŸ‘ğŸ’¯,5,sangat amanah terpecaya
"sekarang kok susah masuk aplikasi ya, Tolong dong di perbaiki kaya dulu, Susah banget masuk kalo mau pake",1,sekarang kok susah masuk dong baik kaya dulu susah banget masuk kalo mau pake
sudah verifikasi muka sudah BNR dan sandi bnar tp knp TDK bs msuk ya,1,verifikasi muka bnr sandi bnar tp knp tdk bs msuk
mantap,5,mantap
sangat membantu,5,sangat bantu
baik,5,baik
Sangat baik di gunakan,5,sangat baik
baik,4,baik
bagus,5,bagus
puas,5,puas
Dompet Digital yang super keren,5,dompet digital super keren
basudan puas,5,basudan puas
ğŸ‘ğŸ‘ğŸ‘ğŸ‘ğŸ‘,5,
sangat membantu,5,sangat bantu
nice,5,nice
aplikasi ini sangat bagus,5,sangat bagus
kenapa ya dana saya ga bisa kebuka terus,1,ga buka terus
halo dana bagaimana cara melihat transferan bulan bulan kemaren,5,halo bagaimana cara lihat transfer bulan bulan kemaren
sangat mudah dan praktis,5,sangat mudah praktis
sangat puas sekali,5,sangat puas sekali
fc mulu,1,fc mulu
"diana, saya gabisa tarik saldo dana bisnis, udah 2 hari masa erorr terus, tolong perbaiki ya",3,ana gabisa tarik saldo bisnis udah hari masa erorr terus baik
bagus bangetudah di gunakan dan sangat membantu,5,bagus bangetudah sangat bantu
"lumayan membantu, mempermudah kan transaksi TPI tolong dana ku blum terlalu lengkap isi d dalamnya",5,lumayan bantu mudah kan transaksi tpi ku blum terlalu lengkap isi d
dana skrng gabisa tarik tunai pakai Qris harus diupgrade dulu baru bsa tarik tunai mohon perbaikan nya lagi agar digunakan nya gada kendala untuk yang dananya belum di upgrade terimakasih,5,skrng gabisa tarik tunai pakai qris diupgrade dulu baru bsa tarik tunai mohon baik gada kendala upgrade terimakasih
ok,5,
"BALIKKIN DUIT SAYA KAAA 150K KENAPA tiba2 ko bisa ilang gitu aja yaaa ğŸ¥°ğŸ¥°ğŸ¥°, NGGA ADA GW LANGGANAN APLIKASI WOEEEE ğŸ˜¤ğŸ˜¤ğŸ˜¤ knp bisa ilang tiba2 kaaağŸ¥°",2,balikkin duit kaaa k tiba ko ilang gitu aja yaaa ngga gw langgan woeeee knp ilang tiba kaaa
mantap coy,5,mantap coy
bagus,5,bagus
lama lama kek ampas,1,lama lama kek ampas
"aplikasinya, ambil kebijakan sendiri, saldo selalu dipotong untuk bayar cicilan tanpa ada konfirmasi ke pengguna",1,ambil bijak sendiri saldo selalu potong bayar cicil konfirmasi
top,5,top
baru coba,4,baru coba
keren,5,keren
bagus,5,bagus
"ya dana si enak enak aja si menurutku simpel, tapi kek terlalu banyak fitur buat hp yang kentang itu udah termasuk berat bet kadang pas buka dana cuman nyetak ditulisan dana nya doang ga masuk masuk",2,si enak enak aja si turut simpel kek terlalu banyak fitur buat hp kentang udah masuk berat bet kadang pas buka cuman nyetak tulis doang ga masuk masuk
"apk gak guna,, kalo kagak niat ngirim ke bank ya gak usahdi tahan saldonya",1,gak kalo kagak niat ngirim bank gak usahdi tahan saldo
bagus dan pertahankan,5,bagus tahan
sangat baik,5,sangat baik
Dana cicil tidak bisa dipakai...padahal bayarnya lancar...,2,cicil dipakaipadahal bayar lancar
sangat membatu sekali,5,sangat batu sekali
bagus sekali,5,bagus sekali
mantaaaaaaaap,5,mantaaaaaaaap
"saya kecewa dengan dana cicilnya,pada saat mau melakukan pembayaran dng dana cicil tidak bisa padahal limit masih tersedi.",2,kecewa cicilnyapada mau laku bayar dng cicil padahal limit tersedi
aplikasi paling gacor,5,paling gacor
penggunaan mudah di akses utk transfer atau pembayaran yg lain,5,mudah akses utk transfer bayar yg
"bangke,, kirim ke bank masak sampe 1 hari,, ini kagak ada duit gua",1,bangke kirim bank masak sampe hari kagak duit gua
bagus efesien,4,bagus efesien
baik,3,baik
bagus dan sangat membantu,5,bagus sangat bantu
okay,5,okay
"saya mau bayar pakai qris,tapi apk nya gak bisa di buka selalu mental keluar",2,mau bayar pakai qristapi gak buka selalu mental keluar
masih bagus...,5,bagus
cepat dan hemat,3,cepat hemat
sangat baik,5,sangat baik
Bagus,5,bagus
"sungguh Luar biasa Aplikasinya, urusan saya jadi aman.",5,sungguh luar biasa urus jadi aman
sebagai ojol saya sangat terbantu dgn dana cicil ... terimakasih dana,5,ojol sangat bantu dgn cicil terimakasih
sangat membantu terima kasih,5,sangat bantu terima kasih
good jobğŸ‘ğŸ‘ğŸ‘ğŸ‘ğŸ‘ğŸ‘,5,good job
proses cepat tarik tunai dan cepat dan mudah,5,proses cepat tarik tunai cepat mudah
sangat membantu,5,sangat bantu
kenapa GK bisa masuk dana ku?,5,gk masuk ku
"kenp akhr"" ini dana ny sush di buka ya kdng sya harus hapus dlu bru bisa di buka, malah dia ngestuck di logo aja di instal ulng bru bisa, mohon y admin dana tolng di perbaiki lagii soalnya ribet kalau harus di Hapus dlu terus di dowload lagi,",3,kenp akhr ny sush buka kdng sya hapus dlu bru buka malah ngestuck logo aja instal ulng bru mohon y admin tolng baik soal ribet kalau hapus dlu terus dowload
good,5,good
"sangat baik,dan membantu buat masyarakat",4,sangat baikdan bantu buat masyarakat
saya senang pake DANA tidak ribet lagi beli pulsa beli pulsa listrik semua ada di DANA untuk DANA oke bagat,5,senang pake ribet beli pulsa beli pulsa listrik semua oke bagat
setelah update mlh sering nge bug gk bisa dibuka cuma muncul logo aja,1,update mlh sering nge bug gk buka cuma muncul logo aja
sangat membantu,5,sangat bantu
sy ksih 4 bintang Krn admin nya terlalu besar,4,sy ksih bintang krn admin terlalu besar
"Bagus, bermanfa, at.",5,bagus bermanfa at
KLO make dana mikir dua kali KLO kalin no anda sampe tidak aktif ngk bakalan bisa masuk ke aplikasi...Minta bantuan ke ke pusat dana jga percuma ngk bakalan digubris. ..karna yg jawab robot...masala saya aja sampe sekarang ngk kelar kelar padahal itu bener bener saya saya sudah kasi bukti foto KTP foto Selfi sama KTP jga ttp ngk bisa di proses ati ati aja mending aplikasi lain pakenya ngk ribet kaya dana,1,klo make mikir kali klo kalin no sampe aktif ngk bakal masuk aplikasiminta bantu pusat jga percuma ngk bakal gubris karna yg jawab robotmasala aja sampe sekarang ngk kelar kelar padahal bener bener kasi bukti foto ktp foto selfi sama ktp jga ttp ngk proses ati ati aja mending pakenya ngk ribet kaya
sangat puas,5,sangat puas
aplikasi dana mudah buat segala transaksi pokony,5,mudah buat segala transaksi pokony
aplikasi sangat baik,5,sangat baik
jaringan ngelek pas login ulang,3,jaring ngelek pas login ulang
"kali ini kecewa sii adanya dana protection seakan tidak berguna, saya tidak melakukan transaksi apapun namun saldo berkurang dengan sendirinya, dan anehnya dari dana saat adanya transaksi tidak ada pemberitahuan transaksi berlangsung ataupun meminta kode transaksi, seharusnya kemanan diperketat lagi karena dana sudah dipakai banya orang dan kejadian seperti ini masih terjadi, dan dari pihak dana tidak ada tindakan yang signifikan, cuma menerima laporan saat ingin refund dana syarat tidak memenuh",1,kali kecewa sii protection laku transaksi apa saldo kurang sendiri aneh transaksi pemberitahuan transaksi langsung minta kode transaksi keman ketat pakai banya orang jadi jadi pihak tindak signifikan cuma terima lapor refund syarat penuh
padahal hampir tiap bulan habis 5jt transaksi dana tp dana cicil nya masih GK bisa ... payahh temen saya jarang pake sekali daftar dapet dana cicil payah ini,1,padahal hampir tiap bulan habis jt transaksi tp cicil gk payahh temen jarang pake sekali daftar dapet cicil payah
"lah ta kira cuma saya yang tiba"" uange hilang ada yang senasib ternyata",2,lah ta kira cuma tiba uange hilang nasib nyata
"akhir"" ini aplikasi dana d hp saya kenapa ya kembali lagi gitu terus? biasa nya ngga .musti harus download lagi aplikasi nya baru bisa k buka , ga lama gitu lagi kembali trus",2,akhir d hp gitu terus biasa ngga musti download baru k buka ga lama gitu trus
baik,5,baik
sangat bagus,5,sangat bagus
sangat baik dan berguna sekali,5,sangat baik sekali
"""DANA TIDAK MENANGGAPI"" itu yg saya terima, sudah hapus selamanya saja,Ganti seabank sbg dompet digital.",1,tanggap yg terima hapus lama sajaganti seabank sbg dompet digital
mudah aman dan nyaman,5,mudah aman nyaman
terbaik,5,baik
bagus banget,5,bagus banget
"Kenapa DANA sekarang tidak bisa mengirim kode otp melalui SMS ataupun GMAIL? Tolong segera perbaiki, karena saya menggunakan DANA tidak memakai NOMOR WHATSAPP",1,sekarang kirim kode otp lalu sms gmail segera baik pakai nomor whatsapp
akhirÂ² ini eror terus,3,akhir eror terus
ok. tingkatkan terus,5,tingkat terus
mantaps,5,mantaps
ko saya blm ada cicilan ya,2,ko blm cicil
ok,5,
"saya kasih bintang 1 saya pengeluaran berjuta"" tapi ga dapet dana cicil yak",1,kasih bintang keluar juta ga dapet cicil yak
aplikasinya sangat bagus,5,sangat bagus
okew slalu,5,okew slalu
tolong perbaiki.. krna suka gx bsa di buka .. dan hrus unistail & download lg bru bs di buka,1,baik krna suka gx bsa buka hrus unistail download lg bru bs buka
sangat memuaskan,5,sangat muas
"antriannya terlalu lama, payah",1,antri terlalu lama payah
DANA pliss kenapa seminggu ini susah banget buat di akses ğŸ˜­ musti di instal ulang baru bisa di buka.,4,pliss minggu susah banget buat akses musti instal ulang baru buka
sangat bagus,5,sangat bagus
praktis kirim uang.,5,praktis kirim uang
ok banget,5,banget
kenapa kalo d buka GK bisa harus d hpus dulu baru bisa buka LG,5,kalo d buka gk d hpus dulu baru buka lg
sip aplikasi dana selalu ok,5,sip selalu
mantap,5,mantap
"CS bot tidak berguna sama sekali, tidak bisa menyelesaikan masalah",1,cs bot sama sekali selesai masalah
"mantap, mempermudah kirim uang dan beli kouta.",5,mantap mudah kirim uang beli kouta
refund uang aku,1,refund uang aku
terbaek,5,terbaek
sekarang sdh pake admin yah .. utk tf ke bank 2.500 ... kmrnÂ² tdk dwh ... baru ini cek ad adminnya .... jd pindah aplikasi deh,2,sekarang sdh pake admin yah utk tf bank kmrn tdk dwh baru cek ad adminnya jd pindah deh
busuk lag parah,1,busuk lag parah
apk goblog dana cicil gua gak muncul setan,1,goblog cicil gua gak muncul setan
bagus sekali singkat saja,5,bagus sekali singkat
good,4,good
sangat bagus,3,sangat bagus
bagus,2,bagus
mantap,5,mantap
dana cicil,5,cicil
mantap,5,mantap
berguna sekali untuk transaksi,5,sekali transaksi
"gak bisa top up kartu flazz bca..., gagal terus, untung dana bisa mengembalikan uang yang gagal..., tq...",4,gak top up kartu flazz bca gagal terus untung uang gagal tq
"aplikasi yg bagus, sangat sangat membantu",5,yg bagus sangat sangat bantu
sangat mudah untuk bertransaksi,5,sangat mudah transaksi
sangat membantu,5,sangat bantu
aplikasi ini bagus tapi kok punya saya sering eror ya.tolong diberi petunjuk dong biar gak gampang eror?,5,bagus kok punya sering eror yatolong beri tunjuk dong biar gak gampang eror
Sang at membantu,5,sang at bantu
mantap sukses selalu danaku,5,mantap sukses selalu
sangat bermanfaat,5,sangat manfaat
sangat bagus untuk transaksi ...apalagi jaman sekarang jaman digital..pokoknya dana mantap,4,sangat bagus transaksi jaman sekarang jaman digitalpokoknya mantap
tapi kalau bisa limit dana cicil nyah di kecilkan ajah jgn 10 jt baru bisa aktif tp kalau bisa sesuai perbulan jd enak gi mn klu cuman 1500000 jd mn bisa pinjam dong,5,kalau limit cicil nyah kecil ajah jgn jt baru aktif tp kalau sesuai bulan jd enak gi mn klu cuman jd mn pinjam dong
"Sangat Membantu Dan Memudahkan Segala Transaksi , Terima Kasih DANA",5,sangat bantu mudah segala transaksi terima kasih
APLIKASI GAK JELAS SETELAH BAYAR DANA CICIL MASAK GAK BISAK DI PAKAI LAGI DAN UANG SAYA TIBA2 HILANG DI SEDOT INI APLIKASI ANEH APLIKASI APA INI.,1,gak jelas bayar cicil masak gak bisak pakai uang tiba hilang sedot aneh apa
mantappp,5,mantappp
simple cepat,5,simple cepat
mantap,5,mantap
Ini yang ke 2 kaliNya saya mau tarik tunai tidak bisa( tidak menerima kode token) sudah buat laporan chat ke Dana baru menerima kode token. jadi kalau kita butuh Dana yang mendesak bagaimana ini??,2,kali mau tarik tunai terima kode token buat lapor chat baru terima kode token jadi kalau butuh desak bagaimana
matap betul,5,matap betul
Transfer ke bank sgt cepat cmn bbrp detik aja...mantap,5,transfer bank sgt cepat cmn bbrp detik ajamantap
KOK GABISA NARIK TUNAI SIH,1,kok gabisa narik tunai sih
sangat puas,5,sangat puas
bagus,3,bagus
"Setelah updet aplikasi nya semakin buruk, saldo hilang sendiri tanpa ada nya tran saksi,",5,updet makin buruk saldo hilang sendiri tran saksi
keren,5,keren
sangat bagus,5,sangat bagus
puas,5,puas
diskon nya cuma 5 perak,1,diskon cuma perak
sangat bagus,5,sangat bagus
sangat cocok untuk menyimpan uang dan bisa untuk di investasi kan,5,sangat cocok simpan uang investasi kan
perlu perbaikan akun danaku sering gak bisa masuk setelah di hapus apk nya trs download lag baru bisa sudah sering begitu mohon di perhatikan,4,perlu baik akun sering gak masuk hapus trs download lag baru sering mohon perhati
bagus bangat apk nya,5,bagus bangat
kurang nyaman,1,kurang nyaman
tolong munculkan dana cicil,5,muncul cicil
aplikasi buruk sering uang hilang ga jelas .. aplikasi sampah,1,buruk sering uang hilang ga jelas sampah
mau ganti nomor apakah bisa soal nua idaj gal aktof,1,mau ganti nomor soal nua idaj gal aktof
"Apk bagus, saya suka beli suatu barang pembayaran nya selalu memakai ini, tetapi kadang kalo dari game nya harus verifikasi wajah, susah.",4,bagus suka beli suatu barang bayar selalu pakai kadang kalo game verifikasi wajah susah
"mau laporan ,kemana ga ada yang dibales",1,mau lapor ga dibales
ok lah,4,lah
layanan cepat,5,layan cepat
bagus,5,bagus
membantu,5,bantu
josss bagus,5,josss bagus
sekarang aplikasinya engga seperti dulu ..sering bangt eror dan tidak bisa masuk aplikasi ...udah apdet beberapa kali...paling bisa 2 hari ..lepas itu eror lagi engga bisa buak dan keluar sendiri terus...kayaknya harus pindah aplikasi lain ini mah..padahal saya sudah lama banget pake app ini...tapi sekarang malas eror terus...,2,sekarang engga dulu sering bangt eror masuk udah apdet beberapa kalipaling hari lepas eror engga buak keluar sendiri teruskayaknya pindah mahpadahal lama banget pake app initapi sekarang malas eror terus
ga ada dana cicil punya sayah mah,1,ga cicil punya sayah mah
transaksi di dana sangat puas,5,transaksi sangat puas
"saya blm BS menggunakan dana cicil, mohon bantuannya",5,blm bs cicil mohon bantu
mantap,5,mantap
kenapa di aku. dana saya tidak muncul Dana cicil nya sampai sekarang bahkan sudah berapa tahun mengunakan apk dana ini,1,aku muncul cicil sekarang bahkan berapa tahun mengunakan
sangat membantu,5,sangat bantu
"aplikasi yang bagus dan sangat bermanfaat,aplikasi ini sangat memudahkan untuk transerf uang ke semua bank dan bisa untuk belanja online..",5,bagus sangat bermanfaataplikasi sangat mudah transerf uang semua bank belanja online
ğŸ‘,5,
saya lupa pin dan tidak bisa masuk dana,5,lupa pin masuk
"aplikasi bodoh, uang saya sering hilang walaupun nominalnya tidak besar tapi tetap saja itu uang mana udah berkali kali lagi",1,bodoh uang sering hilang walaupun nominal besar tetap uang mana udah kali kali
bagus,5,bagus
slalu gk bisa buka.... di hps baru download LG itu pun pling besok buka gk bisa,3,slalu gk buka hps baru download lg pling besok buka gk
sangat mudah dan membantu,5,sangat mudah bantu
Mantap,5,mantap
oke,5,oke
buruk bgt sekarang beli pulsa ngga bisa stor listrik ngga bisa ..lihat riwayat transfer juga ngga bisa...tolong dong perbaiki..,3,buruk bgt sekarang beli pulsa ngga stor listrik ngga lihat riwayat transfer ngga bisatolong dong baik
cepat dan aman,5,cepat aman
sangat bagus sangat membantu aplikasi ini,5,sangat bagus sangat bantu
"apk dana jelek gak ada solusi lebih lanjut buat ngembaliin akun yang nomor & handphonenya yang hilang, dan juga respon penanganan via sosmed nya juga lambat sangat",1,jelek gak solusi lebih lanjut buat ngembaliin akun nomor handphonenya hilang respon tangan via sosmed lambat sangat
aplikasi nya sangat bagus.mdh mdhan dana instan muncul,5,sangat bagusmdh mdhan instan muncul
dimana dana? jaminan tanah 500juta(60)bulan,5,jamin tanah jutabulan
sangat baik,5,sangat baik
"gimana sihh ini dana ko g bsa masuk,bisa masuk klo di instal ulang habis itu login lg tetep g bsa masuk",1,gimana sihh ko g bsa masukbisa masuk klo instal ulang habis login lg tetep g bsa masuk
luar biasa,5,luar biasa
sangat bangus,5,sangat bangus
terbaik,5,baik
mustamar,5,mustamar
iya bagus,5,iya bagus
sering error,1,sering error
sangat membantu,5,sangat bantu
dana terbaik,5,baik
"kenapa apk dana saya ga bisa dibuka dan ngestuck di logo gambar dana padahal jaringan sudah bagus,mohon untuk kerjasamanya min",3,ga buka ngestuck logo gambar padahal jaring bagusmohon kerjasamanya min
jelek ya sekarang proses loginnya,1,jelek sekarang proses loginnya
ok banget,5,banget
ok,5,
bagus,5,bagus
Bagus,5,bagus
kpn fitur muncul cicil muncul,4,kpn fitur muncul cicil muncul
ok,5,
tolong bantu saya kenapa ini ngga bisa di buka,4,bantu ngga buka
"Alhamdulillah klw punya aplikasi dana smua mudah dari apa aja semua serba bisa , trimakasih DANA",5,alhamdulillah klw punya smua mudah apa aja semua serba trimakasih
keren,5,keren
ok,5,
mntap,5,mntap
tiap mau dibuka mental mulu gajelas pdhal ruangan ga penuh gajelas,1,tiap mau buka mental mulu gajelas pdhal ruang ga penuh gajelas
"sebelumnya maaf, sayaa kurangg sukaa ajaa ( g bs menjelaskan secara detail ), semoga adaa perbaikan untuk kedepannya, makaasihh.",4,maaf sayaa kurangg sukaa ajaa g bs jelas detail moga adaa baik depan makaasihh
sangat bermanfaat,5,sangat manfaat
mantap,5,mantap
baik,5,baik
saya pkai dana semua gmpng,5,pkai semua gmpng
bisa membantu saat ada keperluan mendadak ğŸ‘,5,bantu perlu dadak
"aplikasi ngnt*d beli pulsa gagal, pengembalian nunggu 2 hari anjg",2,ngntd beli pulsa gagal nunggu hari anjg
"mau transfer malah sesi kadaluarsa itu gimana sih, tolong diperbaiki.",1,mau transfer malah sesi kadaluarsa gimana sih baik
"benerin lgi lah bug"" nya, masa saya transfer uang tulisannya sukses, tapi di merchant yg saya transfer belum masuk pembayaran nya",2,benerin lgi lah bug masa transfer uang tulis sukses merchant yg transfer masuk bayar
slah kirim dana ke nomor gak di kenal,5,slah kirim nomor gak kenal
"beri satu bintang aja sebenernya gak sudi, masa iya saldo ke potong sendiri gak jelas nih aplikasi bahaya",1,beri satu bintang aja sebenernya gak sudi masa iya saldo potong sendiri gak jelas nih bahaya
terbaik,5,baik
bagus banget,5,bagus banget
sangat bagus,5,sangat bagus
"aplikasinya mantap apalagi fitur dana cicil nya sdh muncul tnggl ajukan acc, top poko'e",5,mantap fitur cicil sdh muncul tnggl aju acc top pokoe
"kenapa limit dana instan saya mentok di 500 ribu, bisa dinaikin tidak",4,limit instan mentok ribu dinaikin
Masa mao laporan harus bot mulu yang jawab kaga jelas ini aplikasi,3,masa mao lapor bot mulu jawab kaga jelas
hallo selamat sore.maaf sebelumnya.kami butuh bantuan dana tidak bisa di buka,5,hallo selamat soremaaf sebelumnyakami butuh bantu buka
terbaik,5,baik
Saya sulit masuk ke akun dana saya karena no saya hilang..pedahal ada uwang yah..di dana,2,sulit masuk akun no hilangpedahal uwang yahdi
coba dulu,5,coba dulu
sangat membantu,5,sangat bantu
"sangat jelek,,, jijik sekali pakai akun dana,,",1,sangat jelek jijik sekali pakai akun
lebih gampang ya,5,lebih gampang
"Mantap, mempermudah transaksi keuangan",5,mantap mudah transaksi uang
"aplikasi dana emng bagus,ttpi sy tidak mendapat program pay later,pdhal dana Sy SDH premium",5,emng bagusttpi sy program pay laterpdhal sy sdh premium
"suka banget sama apk ini, cara mudah dan cepat untuk mengirim atau menyimpan uang dengan baikğŸ¤©",5,suka banget sama cara mudah cepat kirim simpan uang baik
Kagak bisa d update cuy,5,kagak d update cuy
keren,5,keren
bagus,5,bagus
bagus,4,bagus
mudah dg pembayaran/uang masuk,5,mudah dg pembayaranuang masuk
Qpk nya bagus,5,qpk bagus
memudahkan pembayaran,5,mudah bayar
"pengalaman untuk pembuatan qris dana bisnis, itu accnya lama nunggu 1 bulan lebih itupun harus laporan di posko bantuan keliling dana di live tik tok, eh sekalinya udah jadi qris nya gak bisa di download dan di bagikan, malah di bawak ke info aplikasi terus ini sampai sekarang udah chat diana sama laporan di posko bantuan keliling dana di live,malah gak ada perkembangannya sama sekali laporan saya malah di suruh nunggu-nunggu doang sama cs nya.",3,alam buat qris bisnis accnya lama nunggu bulan lebih lapor posko bantu keliling live tik tok eh sekali udah jadi qris gak download malah bawak info terus sekarang udah chat ana sama lapor posko bantu keliling livemalah gak kembang sama sekali lapor malah suruh nunggununggu doang sama cs
super mudah murah top dah,5,super mudah murah top dah
bagus,5,bagus
mantap,5,mantap
ok bagus mmbantu,5,bagus mmbantu
baik,5,baik
"sangat membantu,terima kasih",5,sangat membantuterima kasih
"UNTUK LIMITNYA DI TAIKIN LGI KLW BISA,TRANSAKSI JDI TERHAMBAT GARA2 LIMIT KECIL",5,limit taikin lgi klw bisatransaksi jdi hambat gara limit kecil
sangat puas,5,sangat puas
banyak membantu,5,banyak bantu
sangat membantu,5,sangat bantu
mantap,5,mantap
"sangat membantu, terimakasih minğŸ™ğŸ»",5,sangat bantu terimakasih min
mantabs,5,mantabs
burikkk,1,burikkk
sudah 12. hari transfer dari dana ke bca belom masuk sudah. chat cs ga ada solusinya ini apk emang rampok uang dengan berkedok e wallet,1,hari transfer bca bom masuk chat cs ga solusi emang rampok uang kedok e wallet
sering error dan tidak bisa dibuka. makin busuk,1,sering error buka makin busuk
tolong kembali kan saldo dana sebesar 77.000,1,kan saldo besar
sangat membantu,5,sangat bantu
mengapa limit DANA CICIL saya tidak bisa digunakan?,2,limit cicil
sangat membantu,5,sangat bantu
puas,5,puas
"semakin diperbarui semakin dipersulit buat login, semakin pinter dan canggih MINTERIN maksdnya",1,makin baru makin sulit buat login makin pinter canggih minterin maksdnya
ok,5,
lacar jaya,5,lacar jaya
membantu transaksi,5,bantu transaksi
"mau mengganti nama toko dan alamat Dana Bisnis kok susah banget, sudah berbulan-bulan jawabannya dalam proses mulu",2,mau ganti nama toko alamat bisnis kok susah banget berbulanbulan jawab proses mulu
bagus,5,bagus
knp y kok makin susah di bukak y udah ada 5 hari ini susah sekali bukak y,5,knp y kok makin susah bukak y udah hari susah sekali bukak y
sangat bermanfaat,5,sangat manfaat
keren,5,keren
saya beri bintang 3 karna fitur Dana cicil saya belum muncul,3,beri bintang karna fitur cicil muncul
saldo banyak hilang,1,saldo banyak hilang
gak dapet dana pinjaman semoga bulan ini dapet daanaa pinjam,5,gak dapet pinjam moga bulan dapet daanaa pinjam
Nice,5,nice
sangat bagus,5,sangat bagus
Dana Aplikasi Aman dan dapat di percaya,5,aman percaya
"Saranku, kalau bisa QRIS-nya ada hadiah berupa cashback saldo",5,saran kalau qrisnya hadiah upa cashback saldo
"kenapa limit dana cicil saya tidak bisa digunakan, padahal udah bayar tagihan tepat waktu, mhon dibantu,",5,limit cicil padahal udah bayar tagih tepat waktu mhon bantu
udah permium ga ada muncul dana cicil nya padahal sering bertransaksi,1,udah permium ga muncul cicil padahal sering transaksi
sangat membantu,5,sangat bantu
ğŸ‘ğŸ‘ğŸ‘ğŸ‘ğŸ‘?????????ğŸ’ 1000,5,
sangat baik,5,sangat baik
"kak gimana cara nya masuk di akun dana, sedangkan nomor yg terdaftar sudah tidak aktif. kalo mau masuk harus pakek kode otp, biasanya verifikasi wajah aja sudah bisa",3,kak gimana cara masuk akun nomor yg daftar aktif kalo mau masuk pakek kode otp biasa verifikasi wajah aja
Ok,5,
mantap buat transfer apkx,5,mantap buat transfer apkx
susah dibukanya sekarang harus hapus aplikasi download ulang bikin ribet,1,susah buka sekarang hapus download ulang bikin ribet
sangat membatu,5,sangat batu
hapus riwayat transaksi,5,hapus riwayat transaksi
kenapa saya punya akun tidak bisa di transfer,1,punya akun transfer
sangat membantu,5,sangat bantu
mantap,5,mantap
"terimakasih atas respon cepat nya menanggapi masalah dana yang saya hadapi,saya tidak bisa log in karena no yang di dana sudah tidak aktif dan Alhamdulillah skrng saya sudah bisa log in kembali terimakasih atas bantuannya sukses trs untuk danağŸ™ğŸ»",5,terimakasih atas respon cepat tanggap masalah hadapisaya log in no aktif alhamdulillah skrng log in terimakasih atas bantu sukses trs
dana cicil saya tidak bisa di gunakan padahal saya sudah bayar tagihan yang menunggak,1,cicil padahal bayar tagih tunggak
ok,5,
bagus,5,bagus
sangat membantu,5,sangat bantu
ni gimana si login pake nomer yang lama tidak aktif disuruh ganti nomer pas udah ganti nomer gagal terus pas mindahin dana ke premium lama... wahhh payah login aja ribett udah selfie udah pake pin juga gagal terus ..apk bahaya,1,ni gimana si login pake nomer lama aktif suruh ganti nomer pas udah ganti nomer gagal terus pas mindahin premium lama wahhh payah login aja ribett udah selfie udah pake pin gagal terus bahaya
ketika transaksi gagal prosesnya lama sekali sudah di lapor ke cs nya sama sekali ga membantu alasan demi alasan si berikan tapi tidak ada hasil proses nya sampai 3 hari apakah masuk akal sedangkan kita sangat memerlukan uang nya,1,transaksi gagal proses lama sekali lapor cs sama sekali ga bantu alas alas si ikan hasil proses hari masuk akal sangat perlu uang
sangattt berfungsi dalam bisnis,5,sangattt fungsi bisnis
mantap,5,mantap
"dana ribet banget sumpah pemindahan no lama ke nomer baru aja ga bisa sedangkan no lama ada saldo nya ,sedangkan no hp nya dah ga aktip.kapok pake Dana",1,ribet banget sumpah pindah no lama nomer baru aja ga no lama saldo no hp dah ga aktipkapok pake
bagus sekali,5,bagus sekali
"aplikasinya bagus,cukup puas",5,baguscukup puas
Sangat bagus dan baik,5,sangat bagus baik
membantu,5,bantu
munculkan dana cicil,5,muncul cicil
kenapa ngga bisa di buka ya aplikasinya?udah upgrade,3,ngga buka aplikasinyaudah upgrade
gooood,5,gooood
hpku Infinix tapi kenapa iya pas buka apk dana ga ada koneksi internet padahal Kouta masih ada...,2,hpku infinix iya pas buka ga koneksi internet padahal kouta
ğŸŒ¹,5,
Joooss,5,joooss
mantap,5,mantap
sangat bagus,1,sangat bagus
dana ini tidak memuaskan,1,muas
sekarang udah makin gampang belanja berkat apk ini tenk dana,5,sekarang udah makin gampang belanja berkat tenk
"kereeen bangeeet zaman now,ga usah ribet bikin rekening dibank,membantu banget pokonya top",5,kereeen bangeeet zaman nowga usah ribet bikin rekening dibankmembantu banget poko top
"dana udah gak kaya dulu, sekarang saya kalo nyimpen uang didana sering ilang,dan menurut saya itu bukan uang kecil karena hampir sering saya ilang dengan nominal yang sama 50.000 gak ada kompensasi gitu? atau penjelasannya tolong dong pihak dana",3,udah gak kaya dulu sekarang kalo nyimpen uang sering ilangdan bukan uang kecil hampir sering ilang nominal sama gak kompensasi gitu jelas dong pihak
cukup memuaskan,5,cukup muas
mantap tapi aku kok gak kek orang,5,mantap aku kok gak kek orang
ok,5,
bagus dan cepat prosesnya,3,bagus cepat proses
"banyak bug, ketika mau TF lewat e-wallet malah dana kamu kadaluarsa ğŸ˜­",3,banyak bug mau tf lewat ewallet malah kamu kadaluarsa
ok baik,5,baik
sangat membantu,5,sangat bantu
siap dan cepat ok,5,siap cepat
"aplikasi buruk,suka ngebiarin aku lain main potong saldo,gak ada solusi",1,buruksuka ngebiarin aku main potong saldogak solusi
gjls apk dana nya GK bisa di pencet tiba tiba keluar sendiri terus di logout malah GK bisa di masukin akun lagi,2,gjls gk pencet tiba tiba keluar sendiri terus logout malah gk masukin akun
Cepat & Akurat,5,cepat akurat
"parah sih isi E-Tol gak masuk, udah laporan katanya 5 hari kerja, 3 minggu gak balik duit gua 200 ğŸ‘",1,parah sih isi etol gak masuk udah lapor kata hari kerja minggu gak balik duit gua
kecewa dengan aplikasi ini gajelas. saya mau ganti nomer dana proses nya lama. ditambah ga ada respon sama sekali.. dipersulit gajelas .. yg anehh nya lagi udah tau nomer hilang masih aja disuruh kode otp kan aneh,1,kecewa gajelas mau ganti nomer proses lama tambah ga respon sama sekali sulit gajelas yg anehh udah tau nomer hilang aja suruh kode otp kan aneh
kenapa dana sya gk bisa masuk..,2,sya gk masuk
APLIKASI BUSUKKKKKK GABISA TRANSFER SECARA TIBA TIBA DIBATASIH CUIHHHHHHH,1,busukkkkkk gabisa transfer tiba tiba dibatasih cuihhhhhhh
mantap,5,mantap
bagus banget,4,bagus banget
sangat bagus,5,sangat bagus
bagus banget tapi tingkatkan limitnya,5,bagus banget tingkat limit
teman saya kirim dana dari bank BNI tapi ngga masuk2 padahal dari pihak bank sudah berhasil,5,teman kirim bank bni ngga masuk padahal pihak bank hasil
bagus,5,bagus
Bagus untuk segala pembayaran,5,bagus segala bayar
layanan ca nya GX jelas,1,layan ca gx jelas
kenapa dana cicil gabisa di pake,4,cicil gabisa pake
SUKA BANGET SAMA DANA I LOVE ITğŸ’“ğŸ’“ğŸ’“,5,suka banget sama i love it
"Guna Dana Cicil apaan coba, di pake juga kagak bisa.. Aplikasi Aneh...",1,cicil apa coba pake kagak aneh
tidak berkontribusi ğŸ¤£ğŸ¤£ğŸ˜›,1,kontribusi
dana tidak bisa diup date,4,diup date
aplikasi nya sangat bagus banget,5,sangat bagus banget
"GOOD JOB TEAM THANKS,",5,good job team thanks
mantap,5,mantap
sangat baik,5,sangat baik
sanggat baik,5,sanggat baik
sangat puas,5,sangat puas
kenapa ngga bisa dibuka dana nya,1,ngga buka
very good,5,very good
